"id","time","higher","x","z","woman","y1","y2","y1_partial","y2_partial","y1_left","y2_right"
1,1,1,-1.60260718781501,1.70155920181357,"0",0,0,0,0,0,
1,2,1,-0.726738823577762,0.961355054556473,"0",0,0,0,0,0,
1,3,1,-1.06240971665829,1.24077085698315,"0",1,0,1,0,1,
1,4,1,-1.57820522971451,0.254964312816068,"0",0,0,0,0,0,
1,5,1,-1.50265174172819,0.278995198640769,"0",0,0,0,0,0,
1,6,1,-1.28514225874096,0.521716718750611,"0",0,0,0,0,0,
1,7,1,1.96212889906019,-0.601704144126016,"0",1,1,1,1,1,
1,8,1,-0.905764965340495,-0.990332819534615,"0",0,0,0,0,0,
1,9,1,-0.417416969314218,-1.25736911408902,"0",0,0,0,0,0,
1,10,1,-1.3779956381768,0.0881318221421691,"0",0,0,0,0,0,
1,11,1,1.9632157580927,0.900290829457862,"0",1,1,1,1,1,
1,12,1,1.79632091801614,-0.246083844070817,"0",1,0,1,0,1,
2,1,1,-1.64303117804229,-1.00567664496669,"1",0,0,0,0,,0
2,2,1,-1.46618048660457,0.486733324758209,"1",0,0,0,0,,0
2,3,1,0.566770364530385,-1.82111770046698,"1",0,0,0,0,,0
2,4,1,-0.697381562553346,0.169321381504067,"1",0,0,0,0,,0
2,5,1,0.687870413064957,-0.00747734520041563,"1",0,1,0,1,,1
2,6,1,1.48455183487386,-0.0893837673286982,"1",0,1,0,1,,1
2,7,1,0.280215453356504,1.75518314815888,"1",0,0,0,0,,0
2,8,1,0.43970756046474,3.280030653534,"1",0,0,0,0,,0
2,9,1,-1.42109515890479,-0.534259463098898,"1",0,0,0,0,,0
2,10,1,-0.0240775914862752,-0.863095640238719,"1",0,1,0,1,,1
2,11,1,-1.42817786056548,0.010375397083365,"1",0,0,0,0,,0
2,12,1,1.30833958089352,-0.159903687315614,"1",0,0,0,0,,0
3,1,1,-0.586337614804506,0.596205816758247,"0",0,0,0,0,0,
3,2,1,-1.91285132803023,0.175956223561768,"0",0,0,0,0,0,
3,3,1,1.75099542737007,-0.248887753696804,"0",1,0,1,0,1,
3,4,1,1.80011323839426,0.549678681733038,"0",0,1,0,1,0,
3,5,1,-0.640843099914491,1.28963841231088,"0",1,1,1,1,1,
3,6,1,1.28617180883884,-1.23206008067439,"0",1,1,1,1,1,
3,7,1,-0.0740326959639788,-0.21967734475343,"0",1,0,1,0,1,
3,8,1,-0.678805238567293,0.541975448398748,"0",1,0,1,0,1,
3,9,1,0.765117079019547,-1.90138299659828,"0",0,0,0,0,0,
3,10,1,1.46410037670285,0.168917863961187,"0",1,1,1,1,1,
3,11,1,1.49928402528167,2.44446345861758,"0",1,0,1,0,1,
3,12,1,1.41902356315404,0.390340800771408,"0",1,0,1,0,1,
4,1,1,-1.93259281478822,0.529584938714301,"1",1,0,1,0,,0
4,2,1,0.553977124392986,0.896789141007882,"1",0,1,0,1,,1
4,3,1,-1.9076046589762,-0.439680058119589,"1",0,0,0,0,,0
4,4,1,1.26522236596793,0.511508286801585,"1",1,1,1,1,,1
4,5,1,-0.570728711783886,-1.13178162697498,"1",0,0,0,0,,0
4,6,1,-1.19522997550666,-0.110838796516585,"1",0,0,0,0,,0
4,7,1,0.855940683744848,-0.135005596374682,"1",1,1,1,1,,1
4,8,1,-1.02792799659073,-0.810731198221727,"1",0,1,0,1,,1
4,9,1,0.366887171752751,1.8334123225789,"1",1,1,1,1,,1
4,10,1,-1.30036034621298,0.653947288211157,"1",0,1,0,1,,1
4,11,1,-0.862127220258117,0.862466971694814,"1",0,0,0,0,,0
4,12,1,-1.2700167670846,0.467095166293868,"1",0,0,,0,,0
5,1,1,0.239812333136797,-0.262657156978662,"0",1,1,1,,1,
5,2,1,1.84718642383814,0.903223960446411,"0",1,1,1,1,1,
5,3,1,-0.740673184394836,-2.54778973119381,"0",1,0,1,0,1,
5,4,1,1.46504531055689,0.974644222720806,"0",1,1,1,1,1,
5,5,1,-1.22375189792365,2.35577800635482,"0",0,0,0,0,0,
5,6,1,-0.224993540905416,-1.18574862529391,"0",0,0,0,0,0,
5,7,1,1.11412449926138,-1.12252489530009,"0",1,1,1,1,1,
5,8,1,-1.54914906714112,-0.0413338431393448,"0",0,0,0,0,0,
5,9,1,-0.787794971838593,-0.373457557513252,"0",0,0,0,0,0,
5,10,1,1.62762085627764,-1.84614758211759,"0",1,1,1,1,1,
5,11,1,-1.59639182686806,-0.494299344978145,"0",1,0,1,0,1,
5,12,1,-0.156461515463889,-0.386379694799913,"0",1,0,1,0,1,
6,1,2,1.31166407000273,0.9076120971028,"1",0,0,0,0,,0
6,2,2,0.824555469676852,-0.543243942694835,"1",0,0,0,0,,0
6,3,2,1.05125844664872,-1.06949438324087,"1",1,0,1,0,,0
6,4,2,-0.958584891632199,-1.60318267641892,"1",1,1,1,1,,1
6,5,2,0.661569269374013,0.0547213149640622,"1",0,0,0,0,,0
6,6,2,-1.95463529601693,0.84321032244954,"1",0,1,0,1,,1
6,7,2,0.38030084874481,0.93064509474614,"1",1,0,1,0,,0
6,8,2,1.99031927157193,0.79161512273009,"1",0,0,0,0,,0
6,9,2,0.578309747390449,1.08997211978134,"1",1,0,1,0,,0
6,10,2,1.97451626136899,-0.880989399684252,"1",0,0,0,0,,0
6,11,2,-1.50227186083794,-0.416299747470888,"1",0,1,0,1,,1
6,12,2,0.0714817168191075,0.230021082520498,"1",1,0,1,0,,0
7,1,2,0.705159911885858,-0.154556422272085,"0",0,0,0,0,0,
7,2,2,0.921259793452919,-0.0753607601580454,"0",1,1,1,1,1,
7,3,2,-1.1043530870229,1.61935512259383,"0",0,1,0,1,0,
7,4,2,1.24489042162895,-0.706129804429803,"0",1,0,1,0,1,
7,5,2,0.768225878477097,-0.581714562781601,"0",0,1,0,1,0,
7,6,2,0.387182481586933,0.0983313238035338,"0",0,0,0,0,0,
7,7,2,-1.62683125119656,-0.778615179822217,"0",1,0,1,0,1,
7,8,2,0.414582299999893,0.826778657680218,"0",0,1,0,1,0,
7,9,2,-1.77860554400831,-1.9479851794612,"0",0,0,0,0,0,
7,10,2,-0.272538932040334,1.43530868091526,"0",0,0,0,0,0,
7,11,2,-1.18405522126704,-0.855032376349671,"0",0,0,0,0,0,
7,12,2,1.39583909418434,-2.26581767796283,"0",0,1,0,1,0,
8,1,2,-0.429321698844433,-2.4117847295966,"1",1,0,1,0,,0
8,2,2,0.185835131444037,-1.13289905199945,"1",1,0,1,0,,0
8,3,2,-1.9046454206109,0.290522378827917,"1",0,1,0,1,,1
8,4,2,1.95544498134404,0.222089684611641,"1",1,0,1,0,,0
8,5,2,-0.629456983879209,0.265877915408037,"1",0,1,0,1,,1
8,6,2,0.285099172964692,0.350457643547598,"1",0,1,0,1,,1
8,7,2,1.44098577741534,-0.893991779096,"1",0,0,0,0,,0
8,8,2,1.49478589650244,1.14967563061072,"1",0,0,0,0,,0
8,9,2,0.44818074721843,0.50021517070702,"1",0,0,0,0,,0
8,10,2,-1.07081488892436,-1.32444760795923,"1",1,1,1,1,,1
8,11,2,-0.324364857748151,0.020304379763727,"1",1,0,1,0,,0
8,12,2,-1.45794913545251,0.289338038686717,"1",1,1,,1,,1
9,1,2,-0.249867472797632,-0.204652810558186,"0",0,0,0,0,0,
9,2,2,0.284100912511349,1.64623723204851,"0",0,1,0,1,0,
9,3,2,-1.96721239108592,1.78844950670429,"0",1,0,1,0,1,
9,4,2,0.291595966555178,1.49774875215726,"0",0,1,0,1,0,
9,5,2,0.714834531769156,-0.133958497525293,"0",1,1,1,1,1,
9,6,2,-0.0996904373168945,1.09008758331353,"0",0,1,0,1,0,
9,7,2,0.232276255264878,0.44492805209879,"0",0,0,0,0,0,
9,8,2,1.50001318845898,-0.0932923864175589,"0",1,1,1,1,1,
9,9,2,1.57194127142429,1.23123538848397,"0",0,1,0,1,0,
9,10,2,1.17749001272023,2.35718073069968,"0",0,1,0,1,0,
9,11,2,0.19568734895438,0.750375387335175,"0",1,0,1,0,1,
9,12,2,-0.226736091077328,-1.75105986832143,"0",0,0,0,0,0,
10,1,2,1.98372645210475,0.285549341792849,"1",1,1,1,,,1
10,2,2,1.41133118327707,-1.15935495504335,"1",1,0,1,0,,0
10,3,2,-0.378935879096389,0.821520836357428,"1",0,1,0,1,,1
10,4,2,0.898987751454115,0.141996091758771,"1",1,1,1,1,,1
10,5,2,1.49555626697838,-0.817356404515541,"1",1,1,1,1,,1
10,6,2,-0.612482744269073,1.00223775807925,"1",1,0,1,0,,0
10,7,2,0.452606523409486,-0.555799674153308,"1",1,1,1,1,,1
10,8,2,-1.8927907673642,-0.484723760506355,"1",0,0,0,0,,0
10,9,2,-1.19639270566404,0.529717983673889,"1",0,0,0,0,,0
10,10,2,-1.76792589761317,1.21630380241336,"1",0,1,0,1,,1
10,11,2,0.203510311432183,0.389352655513057,"1",1,1,1,1,,1
10,12,2,1.16941628511995,-0.109365481040306,"1",1,0,1,0,,0
11,1,3,-1.29975328780711,-0.739655923649876,"0",0,0,0,0,0,
11,2,3,-1.18063972424716,-1.67777834075151,"0",1,0,1,0,1,
11,3,3,0.731657361611724,1.58478625045329,"0",0,1,0,1,0,
11,4,3,-0.965470948256552,-1.74559144647728,"0",0,0,0,0,0,
11,5,3,0.191533090546727,0.1524382611151,"0",0,0,0,0,0,
11,6,3,-1.79015921056271,0.641842597211304,"0",1,0,1,0,1,
11,7,3,-0.142395260743797,0.174030708577151,"0",0,0,0,0,0,
11,8,3,-1.54986983910203,0.674057703384336,"0",0,0,0,0,0,
11,9,3,1.72262450680137,0.173537496267892,"0",0,0,0,0,0,
11,10,3,-1.12247740942985,-0.5182288418316,"0",1,0,1,0,1,
11,11,3,1.23827369511127,1.56259999911022,"0",0,0,0,0,0,
11,12,3,-0.26953705959022,1.37833970113861,"0",0,0,0,0,0,
12,1,3,0.416803292930126,-0.553297588688289,"1",1,1,1,1,,1
12,2,3,-1.18142258748412,0.58291627779385,"1",0,0,0,0,,0
12,3,3,-1.46930032875389,-0.371808932357698,"1",1,0,1,0,,0
12,4,3,0.336514635942876,1.56762461956747,"1",0,1,0,1,,1
12,5,3,-1.6554596060887,0.259293679226079,"1",0,1,0,1,,1
12,6,3,-0.903181423433125,0.119912492512246,"1",0,0,0,0,,0
12,7,3,1.30469586607069,0.0823175940976083,"1",0,1,0,1,,1
12,8,3,-1.9931435091421,-0.962021721093433,"1",0,0,0,0,,0
12,9,3,-0.2499407120049,0.917274913936105,"1",1,0,1,0,,0
12,10,3,-0.0270651997998357,0.827897275873075,"1",1,1,1,1,,1
12,11,3,0.442624783143401,-0.702591504945818,"1",1,1,1,1,,1
12,12,3,1.78121059667319,1.03929143433719,"1",0,1,,1,,1
13,1,3,1.82731562294066,0.112585295131723,"0",0,1,0,1,0,
13,2,3,-0.269914116710424,2.00193201358702,"0",0,1,0,1,0,
13,3,3,-0.224382218904793,-0.405828956383627,"0",0,0,0,0,0,
13,4,3,-0.955421284772456,-1.24423069784584,"0",1,0,1,0,1,
13,5,3,0.956275450065732,-1.3301020477829,"0",0,0,0,0,0,
13,6,3,-0.328065217472613,-0.972172347370687,"0",0,1,0,1,0,
13,7,3,0.58548379689455,0.0120759756639788,"0",0,0,0,0,0,
13,8,3,0.984265169128776,-0.701738525142308,"0",1,0,1,0,1,
13,9,3,0.758862536400557,-0.302395603387924,"0",0,1,0,1,0,
13,10,3,1.1381888249889,-0.00752205041227486,"0",1,1,1,1,1,
13,11,3,1.00108877662569,-0.771283451993173,"0",0,1,0,1,0,
13,12,3,1.53686454519629,0.820636496835253,"0",0,1,0,1,0,
14,1,3,-0.497862745076418,-0.487602072741777,"1",1,0,1,0,,0
14,2,3,1.4882411211729,0.559231988337858,"1",1,1,1,1,,1
14,3,3,1.38401559926569,-0.843207782789391,"1",1,1,1,1,,1
14,4,3,-0.774486451409757,1.77298132446524,"1",0,1,0,1,,1
14,5,3,-1.89924113918096,0.55116773102704,"1",1,0,1,0,,0
14,6,3,-0.39688463229686,-0.389727858583138,"1",1,0,1,0,,0
14,7,3,-0.736384317278862,-0.657945497127139,"1",1,1,1,1,,1
14,8,3,-0.993932463228703,-0.349374457725994,"1",1,0,1,0,,0
14,9,3,1.65990477893502,0.959256550267724,"1",1,1,1,1,,1
14,10,3,0.752618653699756,0.728735761617283,"1",0,1,0,1,,1
14,11,3,1.87839833460748,0.199793490232673,"1",1,0,1,0,,0
14,12,3,-1.19605564791709,-0.676830892415326,"1",1,0,1,0,,0
15,1,3,-1.96277808956802,1.19209420184616,"0",0,1,0,,0,
15,2,3,-0.277806104160845,0.0795761143024253,"0",0,1,0,1,0,
15,3,3,-0.02486552298069,0.867310941958072,"0",1,1,1,1,1,
15,4,3,-1.10296175815165,-0.821079266272421,"0",0,0,0,0,0,
15,5,3,1.0416245860979,0.123016946988363,"0",0,0,0,0,0,
15,6,3,-0.836594695225358,1.28973497320312,"0",1,0,1,0,1,
15,7,3,1.71225488279015,-0.920023515528615,"0",0,1,0,1,0,
15,8,3,-1.71576509997249,2.05428523236451,"0",0,0,0,0,0,
15,9,3,-1.25420820433646,-0.620226724378015,"0",0,0,0,0,0,
15,10,3,1.48754249326885,0.874015113947738,"0",0,0,0,0,0,
15,11,3,1.23749437462538,-0.125878839399874,"0",1,1,1,1,1,
15,12,3,0.511524762958288,0.270450234324055,"0",1,1,1,1,1,
16,1,4,-0.882230793125927,-1.54537737381099,"1",1,0,1,0,,0
16,2,4,-1.71062627248466,-0.326604521932008,"1",0,0,0,0,,0
16,3,4,-1.46372007019818,-0.996360527444464,"1",0,0,0,0,,0
16,4,4,-0.408900951035321,0.346964751646464,"1",1,0,1,0,,0
16,5,4,1.28756386786699,-0.0977884799402067,"1",0,1,0,1,,1
16,6,4,-0.232580749318004,-0.316414211877764,"1",0,0,0,0,,0
16,7,4,-0.218985373154283,-0.130456794069876,"1",0,0,0,0,,0
16,8,4,-0.082518482580781,-0.673290333529725,"1",1,0,1,0,,0
16,9,4,1.18351988494396,0.881278367253097,"1",1,1,1,1,,1
16,10,4,-0.148371209390461,-0.319694925057253,"1",0,1,0,1,,1
16,11,4,0.719654232263565,3.07878458137932,"1",1,1,1,1,,1
16,12,4,1.98347140196711,0.375354227442775,"1",1,1,,1,,1
17,1,4,-0.946407636627555,-0.0524805225655571,"0",0,0,0,0,0,
17,2,4,-1.8904932513833,-0.386622860062402,"0",0,0,0,0,0,
17,3,4,0.373291504569352,-0.409274178800661,"0",1,1,1,1,1,
17,4,4,1.53753074258566,-0.0726502942888084,"0",1,1,1,1,1,
17,5,4,-0.809358080849051,-0.0707182396089289,"0",1,0,1,0,1,
17,6,4,0.03616261202842,1.99253181351695,"0",1,0,1,0,1,
17,7,4,1.67191535700113,-0.00651210468619946,"0",1,1,1,1,1,
17,8,4,-0.560912538319826,-0.0359250735291494,"0",0,0,0,0,0,
17,9,4,-1.15951416362077,-0.0943212722656541,"0",0,0,0,0,0,
17,10,4,-0.465223055332899,2.43124556613113,"0",0,0,0,0,0,
17,11,4,-1.0198321910575,-0.0859024283978055,"0",0,0,0,0,0,
17,12,4,-1.58411747496575,0.547998087118894,"0",1,0,1,0,1,
18,1,4,0.0372048215940595,0.317925880673032,"1",0,0,0,0,,0
18,2,4,-0.871348464861512,0.341495855684444,"1",0,0,0,0,,0
18,3,4,1.26070806197822,1.06174838171711,"1",0,0,0,0,,0
18,4,4,0.064412129111588,-1.25404770458127,"1",1,0,1,0,,0
18,5,4,0.621129640378058,0.561027084455723,"1",0,0,0,0,,0
18,6,4,-1.23067847359926,-0.167474160813195,"1",1,0,1,0,,0
18,7,4,0.337919344194233,-0.794006290708243,"1",1,1,1,1,,1
18,8,4,-1.56241566780955,-0.176911604600735,"1",1,0,1,0,,0
18,9,4,-0.893376906402409,1.10534265464078,"1",1,0,1,0,,0
18,10,4,-1.10797673929483,0.00457885974385934,"1",0,0,0,0,,0
18,11,4,0.456904542632401,-0.601874933485947,"1",1,0,1,0,,0
18,12,4,1.81864893250167,-1.01826474966465,"1",0,1,0,1,,1
19,1,4,-0.649133510887623,0.0790588431984592,"0",0,0,0,0,0,
19,2,4,1.8980309991166,-0.775642348469851,"0",1,0,1,0,1,
19,3,4,-0.618294052779675,0.348700822659915,"0",0,1,0,1,0,
19,4,4,0.667972197756171,-1.17746668620041,"0",0,0,0,0,0,
19,5,4,-0.614628935232759,1.6218628620671,"0",0,0,0,0,0,
19,6,4,0.335108594037592,-0.175522474023757,"0",1,0,1,0,1,
19,7,4,0.353909792378545,0.325515386021293,"0",0,0,0,0,0,
19,8,4,-0.248307192698121,2.02413358952969,"0",0,0,0,0,0,
19,9,4,0.266135125420988,0.901338111206652,"0",0,1,0,1,0,
19,10,4,1.61183005012572,-0.152406766638104,"0",1,1,1,1,1,
19,11,4,1.72251966129988,-0.148320645221094,"0",1,1,1,1,1,
19,12,4,0.288823258131742,-1.71369799421221,"0",1,0,1,0,1,
20,1,4,0.969821957871318,1.21298878623197,"1",1,1,1,,,1
20,2,4,-0.708694304339588,0.470487215209016,"1",0,0,0,0,,0
20,3,4,-0.195451171137393,0.121109159440903,"1",1,0,1,0,,0
20,4,4,-0.344392182305455,0.0623284569877893,"1",0,1,0,1,,1
20,5,4,-0.599529893137515,-0.0727532209390445,"1",0,1,0,1,,1
20,6,4,1.44946883618832,-2.47066755031759,"1",1,1,1,1,,1
20,7,4,0.488960417918861,-1.56711985935441,"1",1,1,1,1,,1
20,8,4,0.614538189955056,1.30416931254834,"1",1,1,1,1,,1
20,9,4,0.630685337819159,0.50509246883972,"1",1,0,1,0,,0
20,10,4,0.935275471769273,-0.0208624878338078,"1",1,1,1,1,,1
20,11,4,-1.87895110715181,0.781158183639004,"1",1,1,1,1,,1
20,12,4,-1.8659658934921,-0.285956076534032,"1",0,1,,1,,1
21,1,5,1.71781190112233,-0.355801970716404,"0",1,1,1,1,1,
21,2,5,1.88997118826956,1.20311215246169,"0",1,1,1,1,1,
21,3,5,-1.93847441859543,-0.601566366738804,"0",1,0,1,0,1,
21,4,5,-0.415887038223445,1.192970018416,"0",1,1,1,1,1,
21,5,5,-1.60797914210707,0.0745982417157912,"0",0,1,0,1,0,
21,6,5,-1.59148196876049,1.81898435842274,"0",0,1,0,1,0,
21,7,5,-0.414991929195821,-0.504929206858873,"0",0,1,0,1,0,
21,8,5,1.92549132369459,0.935103898784294,"0",1,1,1,1,1,
21,9,5,-0.287874104455113,-0.888977668500795,"0",1,0,1,0,1,
21,10,5,1.48580079246312,0.332650268425052,"0",1,1,1,1,1,
21,11,5,-0.62163352407515,-0.22247495979374,"0",0,1,0,1,0,
21,12,5,-1.76143326051533,1.41797910537617,"0",0,1,0,1,0,
22,1,5,-0.678097976371646,-1.18346119203859,"1",0,1,0,1,,1
22,2,5,0.598315658979118,0.924434378093894,"1",0,1,0,1,,1
22,3,5,-1.61463419534266,0.511674614763777,"1",0,0,0,0,,0
22,4,5,1.19302313867956,-0.299367853965495,"1",0,0,0,0,,0
22,5,5,-1.89805262070149,1.30722933701848,"1",0,0,0,0,,0
22,6,5,1.5176542699337,1.04102358413975,"1",1,1,1,1,,1
22,7,5,1.83647622354329,0.67521768916554,"1",1,1,1,1,,1
22,8,5,-1.93726410251111,-1.00747163461642,"1",0,0,0,0,,0
22,9,5,1.43450075760484,0.430592730523194,"1",0,1,0,1,,1
22,10,5,0.720891553908587,0.296006409764567,"1",0,0,0,0,,0
22,11,5,1.64259734936059,-1.28069584916681,"1",1,1,1,1,,1
22,12,5,0.689182978123426,-0.0664028683116029,"1",1,1,1,1,,1
23,1,5,-1.72573609463871,-1.6898442907034,"0",0,0,0,0,0,
23,2,5,1.99570483993739,-1.1989711376842,"0",1,0,1,0,1,
23,3,5,-0.0131493099033833,-0.0964221587949296,"0",1,0,1,0,1,
23,4,5,-1.84839566517621,0.368660120719009,"0",1,1,1,1,1,
23,5,5,-0.166684562340379,0.431481559716043,"0",1,0,1,0,1,
23,6,5,-0.42910904251039,-0.284757872990243,"0",0,0,0,0,0,
23,7,5,0.807613893412054,-0.839398137765782,"0",1,1,1,1,1,
23,8,5,-1.22905468009412,0.287019152580817,"0",0,0,0,0,0,
23,9,5,1.18020697496831,-0.97646353946676,"0",1,0,1,0,1,
23,10,5,1.86663072090596,-1.38923940523824,"0",1,1,1,1,1,
23,11,5,0.44869576767087,1.13495717688736,"0",0,0,0,0,0,
23,12,5,-0.275413248687983,0.680526652114124,"0",1,1,1,1,1,
24,1,5,-0.16629343573004,-1.48337968081484,"1",0,0,0,0,,0
24,2,5,0.265801705420017,-0.538874705441673,"1",1,0,1,0,,0
24,3,5,0.872562270611525,1.299637292749,"1",0,0,0,0,,0
24,4,5,0.999860857613385,-0.310648819712916,"1",0,0,0,0,,0
24,5,5,1.52859454974532,-0.120390481841726,"1",0,0,0,0,,0
24,6,5,0.221152214333415,0.851824318680524,"1",1,1,1,1,,1
24,7,5,0.945593467913568,-0.717464890008989,"1",1,0,1,0,,0
24,8,5,0.816672332584858,0.376309993645233,"1",0,0,0,0,,0
24,9,5,-1.57733855303377,1.01217325718004,"1",1,0,1,0,,0
24,10,5,0.904992748983204,1.47051282512731,"1",1,1,1,1,,1
24,11,5,0.905362806282938,0.615531630237653,"1",0,0,0,0,,0
24,12,5,0.0873948633670807,-0.266723746986327,"1",0,1,,1,,1
25,1,5,0.0047667296603322,0.10434103041073,"0",1,0,1,,1,
25,2,5,-0.551639251410961,-0.124684687386514,"0",1,1,1,1,1,
25,3,5,1.16756655089557,1.31215748370663,"0",1,1,1,1,1,
25,4,5,-0.403448080644011,-0.3098182744658,"0",0,1,0,1,0,
25,5,5,-1.54649104364216,-1.22838939510528,"0",1,0,1,0,1,
25,6,5,-0.319109873846173,0.350399827247907,"0",0,0,0,0,0,
25,7,5,0.998303268104792,2.34061595300428,"0",0,0,0,0,0,
25,8,5,-0.318349177017808,0.910112962298451,"0",0,1,0,1,0,
25,9,5,-0.207748195156455,0.107257866521359,"0",0,1,0,1,0,
25,10,5,-0.12282014451921,1.14855522108683,"0",0,0,0,0,0,
25,11,5,1.53607638552785,-0.630203783986904,"0",1,1,1,1,1,
25,12,5,1.29258599411696,1.35709490658815,"0",0,1,0,1,0,
26,1,6,-0.9234330477193,-2.38197126959069,"1",0,1,0,1,,1
26,2,6,-1.7833302821964,0.652444478190006,"1",0,0,0,0,,0
26,3,6,-0.910828955471516,0.273203931346125,"1",1,1,1,1,,1
26,4,6,-0.372142553329468,0.855579910410038,"1",0,1,0,1,,1
26,5,6,-1.8052621120587,0.378913424462046,"1",0,0,0,0,,0
26,6,6,-0.676405768841505,-0.738493140488376,"1",0,0,0,0,,0
26,7,6,-1.34613831155002,-0.958378186167263,"1",1,1,1,1,,1
26,8,6,-0.353463309817016,0.149506714325297,"1",1,1,1,1,,1
26,9,6,-0.991768199019134,-1.42948269166927,"1",0,1,0,1,,1
26,10,6,-1.51046330109239,0.0725484662929615,"1",0,0,0,0,,0
26,11,6,0.167810493148863,1.43708614474751,"1",1,1,1,1,,1
26,12,6,1.72484629973769,-0.689500775023758,"1",1,1,1,1,,1
27,1,6,-0.588956619612873,0.310783813881184,"0",0,1,0,1,0,
27,2,6,0.903218301944435,0.799064996976091,"0",0,1,0,1,0,
27,3,6,-1.36456862650812,-1.71349392140848,"0",0,1,0,1,0,
27,4,6,-0.136204212903976,0.585743340171453,"0",0,1,0,1,0,
27,5,6,1.46468308009207,-1.30734685384785,"0",0,1,0,1,0,
27,6,6,-0.428208448924124,0.165374607265076,"0",0,1,0,1,0,
27,7,6,-1.77522035222501,0.152671424902713,"0",0,1,0,1,0,
27,8,6,1.36293651536107,-1.04969208720933,"0",0,1,0,1,0,
27,9,6,1.86116326693445,0.909549707945609,"0",0,1,0,1,0,
27,10,6,-0.908291763626039,-1.92931912213087,"0",1,0,1,0,1,
27,11,6,1.39044826477766,-0.40679879785428,"0",0,1,0,1,0,
27,12,6,-0.919565714895725,0.36419334403201,"0",1,0,1,0,1,
28,1,6,0.31336463149637,-0.229508824953267,"1",0,0,0,0,,0
28,2,6,0.696510608308017,-0.53489328254551,"1",0,1,0,1,,1
28,3,6,0.296379243955016,-1.05666520466652,"1",1,0,1,0,,0
28,4,6,0.768938793800771,-2.03652628496087,"1",0,0,0,0,,0
28,5,6,0.0636078352108598,0.343217207341197,"1",1,0,1,0,,0
28,6,6,-0.772253197617829,1.05806535620346,"1",0,0,0,0,,0
28,7,6,1.44614099152386,-0.340962989207076,"1",1,1,1,1,,1
28,8,6,-0.0146535458043218,0.27593634665153,"1",0,0,0,0,,0
28,9,6,1.34544411115348,1.06972682152037,"1",0,1,0,1,,1
28,10,6,-0.41489239782095,-0.519267655936791,"1",0,0,0,0,,0
28,11,6,1.68538752291352,0.153954266657817,"1",0,1,0,1,,1
28,12,6,-1.84262495394796,-1.10501210137964,"1",0,0,,0,,0
29,1,6,-0.993350335396826,-0.00110811866678503,"0",0,1,0,1,0,
29,2,6,0.152631063014269,-0.632683588652026,"0",0,0,0,0,0,
29,3,6,-1.02480978239328,0.924616368435779,"0",1,1,1,1,1,
29,4,6,0.515255710110068,0.602697799614322,"0",0,1,0,1,0,
29,5,6,0.582336576655507,1.44661488943987,"0",0,1,0,1,0,
29,6,6,1.80304649379104,1.41978659674747,"0",0,1,0,1,0,
29,7,6,0.902806811966002,0.623677999019376,"0",0,1,0,1,0,
29,8,6,-0.656677761115134,0.412462620629641,"0",0,1,0,1,0,
29,9,6,-1.58361392188817,-0.588802571269002,"0",1,1,1,1,1,
29,10,6,0.18771546240896,-1.02376331023671,"0",0,1,0,1,0,
29,11,6,-0.613598149269819,1.44139097445055,"0",1,1,1,1,1,
29,12,6,-1.23655270319432,-1.61430255633819,"0",0,0,0,0,0,
30,1,6,0.925214602611959,1.03536850795697,"1",1,1,1,,,1
30,2,6,-1.50409616157413,1.77976632724637,"1",0,0,0,0,,0
30,3,6,-0.875805946066976,1.17248083329942,"1",1,0,1,0,,0
30,4,6,1.96070792712271,-0.273543918425315,"1",1,1,1,1,,1
30,5,6,-0.217242473736405,1.72405285460939,"1",1,0,1,0,,0
30,6,6,0.485770447179675,0.104161829121728,"1",0,0,0,0,,0
30,7,6,0.788264526054263,1.1431659156474,"1",1,0,1,0,,0
30,8,6,-0.831861639395356,-0.271515121055203,"1",1,0,1,0,,0
30,9,6,0.897920765914023,1.8688814350632,"1",0,1,0,1,,1
30,10,6,0.86520195286721,0.0100294159416427,"1",1,0,1,0,,0
30,11,6,-1.06785633042455,-1.48380120481143,"1",1,0,1,0,,0
30,12,6,-0.370346957817674,-1.80594278679825,"1",1,0,1,0,,0
31,1,7,1.35622391290963,1.92540155467006,"0",0,1,0,1,0,
31,2,7,-1.9984075576067,-0.399876204467512,"0",0,0,0,0,0,
31,3,7,-0.996853747405112,0.964799676808905,"0",0,0,0,0,0,
31,4,7,1.55109439976513,-2.10694277107199,"0",1,0,1,0,1,
31,5,7,-0.520993646234274,0.475420501147952,"0",1,1,1,1,1,
31,6,7,-1.3237565504387,0.855106537959911,"0",0,0,0,0,0,
31,7,7,0.460749485529959,-0.526343484788253,"0",1,1,1,1,1,
31,8,7,1.65791871398687,-1.90379221084422,"0",0,0,0,0,0,
31,9,7,-0.956679126247764,-0.282858203381357,"0",0,0,0,0,0,
31,10,7,1.69378284085542,-1.00675106188148,"0",1,1,1,1,1,
31,11,7,1.45518920104951,-1.36108049212596,"0",0,0,0,0,0,
31,12,7,0.819759499281645,0.167830190742739,"0",0,1,0,1,0,
32,1,7,0.964721113443375,-1.54315290307162,"1",0,0,0,0,,0
32,2,7,0.131531245075166,-0.0467395545580079,"1",0,0,0,0,,0
32,3,7,0.677714768797159,0.116424207880795,"1",0,0,0,0,,0
32,4,7,0.591877386905253,-0.472728457626123,"1",0,0,0,0,,0
32,5,7,-0.821456828154624,0.844204386474562,"1",0,0,0,0,,0
32,6,7,-0.923756687901914,-0.710950721070521,"1",1,0,1,0,,0
32,7,7,1.49613354634494,-0.638802958672588,"1",0,0,0,0,,0
32,8,7,-0.549160287715495,-0.732474621408736,"1",1,1,1,1,,1
32,9,7,-0.0748932091519237,-1.79563470218451,"1",1,0,1,0,,0
32,10,7,-0.690315185114741,-0.71809340472478,"1",0,0,0,0,,0
32,11,7,0.92140981554985,0.815805795653211,"1",0,0,0,0,,0
32,12,7,1.07346693240106,-0.98915195214325,"1",0,0,,0,,0
33,1,7,1.88649405073375,-0.93979085495066,"0",1,0,1,0,1,
33,2,7,0.106197934597731,0.201374819441359,"0",0,1,0,1,0,
33,3,7,-1.75351903215051,0.355845543421216,"0",0,0,0,0,0,
33,4,7,1.16699575353414,1.39336117658048,"0",0,1,0,1,0,
33,5,7,-1.38605871517211,0.676715856740075,"0",0,0,0,0,0,
33,6,7,-1.55697755236179,-0.903120607514057,"0",1,0,1,0,1,
33,7,7,1.52703626360744,0.737011206276399,"0",0,1,0,1,0,
33,8,7,1.23694985266775,-0.769943081005965,"0",0,1,0,1,0,
33,9,7,1.68331675045192,0.04964950662867,"0",1,0,1,0,1,
33,10,7,1.94365784525871,-0.245727906079827,"0",1,0,1,0,1,
33,11,7,0.882661746814847,0.871661748644466,"0",1,1,1,1,1,
33,12,7,1.68825552705675,0.646052458689193,"0",0,1,0,1,0,
34,1,7,-0.205149127170444,-1.02159096349842,"1",0,1,0,1,,1
34,2,7,-0.964436157606542,-0.700942926891724,"1",0,0,0,0,,0
34,3,7,-1.85520788095891,0.956500115535283,"1",0,1,0,1,,1
34,4,7,1.50004939176142,1.11205124511876,"1",1,1,1,1,,1
34,5,7,-1.41658306308091,-0.265006591231881,"1",0,1,0,1,,1
34,6,7,0.834157886914909,-0.0231212966149562,"1",0,1,0,1,,1
34,7,7,-1.64939446188509,-1.29935294224609,"1",0,1,0,1,,1
34,8,7,-0.929930065758526,-1.25142439600493,"1",1,1,1,1,,1
34,9,7,-1.52464112080634,-1.68156280482078,"1",1,1,1,1,,1
34,10,7,1.52803568914533,-1.111009653093,"1",1,0,1,0,,0
34,11,7,0.626567873172462,-0.319669231698171,"1",1,1,1,1,,1
34,12,7,-0.813427682034671,0.433934328070179,"1",0,1,0,1,,1
35,1,7,1.38388182781637,0.497205243968727,"0",1,1,1,,1,
35,2,7,-1.2907702093944,-0.773377532823396,"0",0,0,0,0,0,
35,3,7,1.95995341707021,-0.264864764163949,"0",1,0,1,0,1,
35,4,7,1.06527578923851,0.59873467971046,"0",1,1,1,1,1,
35,5,7,-0.791489684022963,-0.502280997130265,"0",1,0,1,0,1,
35,6,7,-0.949785433709621,-1.16036675188588,"0",0,0,0,0,0,
35,7,7,1.84800400119275,1.69925278501757,"0",1,1,1,1,1,
35,8,7,-1.27839986700565,0.798484486240465,"0",0,1,0,1,0,
35,9,7,0.353712703101337,-1.23758776716407,"0",1,1,1,1,1,
35,10,7,-1.500423386693,-0.955697724085521,"0",1,1,1,1,1,
35,11,7,-0.0502946944907308,-2.71605601119646,"0",0,1,0,1,0,
35,12,7,-0.266051911748946,-0.408781938163457,"0",1,1,1,1,1,
36,1,8,1.38992602843791,-0.256391992299985,"1",0,0,0,0,,0
36,2,8,1.69333695061505,-0.98439741791859,"1",1,1,1,1,,1
36,3,8,-1.69968873541802,1.85958972343198,"1",0,1,0,1,,1
36,4,8,1.06455449853092,0.692734969973841,"1",1,0,1,0,,0
36,5,8,-0.631308393552899,1.84829663379251,"1",0,1,0,1,,1
36,6,8,0.897433678619564,-2.44704582877114,"1",0,0,0,0,,0
36,7,8,-1.24981924984604,0.711435645983891,"1",0,1,0,1,,1
36,8,8,-0.750005003064871,0.419289506425918,"1",0,0,0,0,,0
36,9,8,1.40067248418927,0.0886415684415754,"1",0,1,0,1,,1
36,10,8,0.284936320967972,0.234635988522798,"1",1,1,1,1,,1
36,11,8,0.528416370041668,0.102179881695348,"1",0,1,0,1,,1
36,12,8,-1.40843946300447,1.44459429793777,"1",1,0,,0,,0
37,1,8,0.332425293512642,-0.743990804768886,"0",1,0,1,0,1,
37,2,8,-1.02229444216937,-1.18750015426641,"0",0,1,0,1,0,
37,3,8,-1.00511519890279,1.70197212954228,"0",1,0,1,0,1,
37,4,8,1.10548101551831,0.0476613949964218,"0",0,1,0,1,0,
37,5,8,1.20805991906673,-0.339585610864359,"0",0,1,0,1,0,
37,6,8,-1.9649104764685,1.00643234653561,"0",0,0,0,0,0,
37,7,8,1.15274393744767,0.403381362825922,"0",0,0,0,0,0,
37,8,8,0.113986894488335,-1.19963868198368,"0",1,0,1,0,1,
37,9,8,-1.47717183176428,1.04743891812609,"0",0,0,0,0,0,
37,10,8,1.89529153704643,-0.628657426986014,"0",1,1,1,1,1,
37,11,8,-1.45495116524398,-1.20286333317104,"0",1,0,1,0,1,
37,12,8,1.10072248056531,-1.09359782141466,"0",1,1,1,1,1,
38,1,8,1.56282787490636,-0.0510260544389966,"1",1,1,1,1,,1
38,2,8,-0.576077961362898,0.840892299301821,"1",0,0,0,0,,0
38,3,8,0.860018982551992,0.21644114931873,"1",0,0,0,0,,0
38,4,8,-1.47161241900176,0.0195491363887437,"1",0,0,0,0,,0
38,5,8,1.15652583446354,-2.33572850931229,"1",1,1,1,1,,1
38,6,8,-1.24732249975204,1.4979815649166,"1",0,0,0,0,,0
38,7,8,-0.943793701939285,1.25218671665951,"1",0,1,0,1,,1
38,8,8,-1.56165845971555,0.0481793163235539,"1",0,0,0,0,,0
38,9,8,-0.374025514349341,0.13719613967247,"1",0,0,0,0,,0
38,10,8,-0.460157111287117,0.103542890572411,"1",0,1,0,1,,1
38,11,8,0.112677507102489,0.110074934495467,"1",0,0,0,0,,0
38,12,8,-0.297030378133059,0.261408318405897,"1",0,1,0,1,,1
39,1,8,-0.169816741719842,-0.648177293231085,"0",1,0,1,0,1,
39,2,8,0.261443585157394,1.54937577176412,"0",1,0,1,0,1,
39,3,8,0.679195111617446,-0.475651729552273,"0",1,0,1,0,1,
39,4,8,-0.758457028307021,-3.34400931131824,"0",1,0,1,0,1,
39,5,8,0.550691504962742,0.295399742571049,"0",1,1,1,1,1,
39,6,8,-1.70232481416315,0.792685628721464,"0",0,0,0,0,0,
39,7,8,-0.223617406561971,-0.36394231266579,"0",1,0,1,0,1,
39,8,8,1.33972998615354,-0.155044133646475,"0",1,1,1,1,1,
39,9,8,1.37079092301428,-1.41972961852445,"0",1,0,1,0,1,
39,10,8,-0.761697706766427,-1.9948289977507,"0",1,0,1,0,1,
39,11,8,-1.07537078019232,0.79770324100771,"0",1,1,1,1,1,
39,12,8,0.539103528484702,-0.281731236818819,"0",0,1,0,1,0,
40,1,8,-0.856850716285408,1.52034784119973,"1",0,1,0,,,1
40,2,8,-1.7802330609411,-1.05887420986594,"1",0,0,0,0,,0
40,3,8,-1.51569547131658,0.973269593160564,"1",0,0,0,0,,0
40,4,8,-0.867218329571187,-0.59407188064045,"1",0,1,0,1,,1
40,5,8,0.224985580891371,-0.11344712936291,"1",1,0,1,0,,0
40,6,8,-1.82502423319966,-0.0472144811734099,"1",0,0,0,0,,0
40,7,8,-1.31296264845878,-0.167854294472863,"1",1,1,1,1,,1
40,8,8,1.07026429846883,-0.892685954609923,"1",1,0,1,0,,0
40,9,8,1.19700285233557,0.993908019582909,"1",1,1,1,1,,1
40,10,8,0.703571961261332,-0.279365042739356,"1",1,0,1,0,,0
40,11,8,0.734912345185876,-0.361540818294874,"1",1,1,1,1,,1
40,12,8,-0.771939096972346,0.3730875195064,"1",1,0,,0,,0
41,1,9,1.22165235877037,1.19428709605556,"0",1,1,1,1,1,
41,2,9,-1.15260368771851,-0.633408701493903,"0",0,0,0,0,0,
41,3,9,-1.2976119061932,1.21636301298544,"0",0,0,0,0,0,
41,4,9,1.47387730143964,1.01202075019253,"0",0,0,0,0,0,
41,5,9,-0.102724768221378,-0.510987319666067,"0",0,0,0,0,0,
41,6,9,1.84504757914692,0.361975396608809,"0",0,0,0,0,0,
41,7,9,1.016327412799,-0.275824362092659,"0",0,1,0,1,0,
41,8,9,-0.0979109993204474,-1.46189338722445,"0",1,0,1,0,1,
41,9,9,-1.90920594520867,1.13852385073354,"0",0,0,0,0,0,
41,10,9,1.96722340583801,-0.86065147823617,"0",0,0,0,0,0,
41,11,9,0.886356265284121,1.33195023796145,"0",0,0,0,0,0,
41,12,9,-1.8893058327958,1.90802981757406,"0",1,0,1,0,1,
42,1,9,-1.67837558686733,-0.323359292885538,"1",0,1,0,1,,1
42,2,9,-1.73165757954121,-1.37886786111253,"1",1,1,1,1,,1
42,3,9,0.13922491017729,2.38325548941087,"1",1,1,1,1,,1
42,4,9,-1.98510946147144,0.370097094567309,"1",1,0,1,0,,0
42,5,9,-0.955415043048561,0.623996953565882,"1",0,1,0,1,,1
42,6,9,0.924345478415489,-1.20927489892118,"1",1,0,1,0,,0
42,7,9,1.25567939225584,0.429508448951462,"1",1,0,1,0,,0
42,8,9,1.29193007573485,0.938297234282194,"1",0,1,0,1,,1
42,9,9,-0.989868151023984,-1.10255452723548,"1",0,1,0,1,,1
42,10,9,-1.97849078848958,-0.812254085693629,"1",0,1,0,1,,1
42,11,9,-1.59435062482953,2.66779091056651,"1",0,1,0,1,,1
42,12,9,1.86270383279771,-0.430747996125843,"1",1,1,1,1,,1
43,1,9,-0.93885347712785,-0.427636657801777,"0",0,1,0,1,0,
43,2,9,1.22126409970224,1.15807175855875,"0",0,0,0,0,0,
43,3,9,1.51297732349485,-0.761781516526403,"0",1,0,1,0,1,
43,4,9,-0.0592198055237532,0.617009372641809,"0",0,1,0,1,0,
43,5,9,1.79152467194945,-1.90594172867857,"0",1,0,1,0,1,
43,6,9,0.752533932216465,0.234594218682271,"0",0,1,0,1,0,
43,7,9,1.55851701647043,-0.523202250727984,"0",0,0,0,0,0,
43,8,9,-1.34598272293806,-1.34426462568597,"0",0,1,0,1,0,
43,9,9,0.972465483471751,1.89627887703404,"0",0,0,0,0,0,
43,10,9,-0.250244670547545,-1.13718186034775,"0",0,0,0,0,0,
43,11,9,-0.990997267886996,-0.650732245947906,"0",0,1,0,1,0,
43,12,9,-1.53176724165678,1.62269310375554,"0",0,1,0,1,0,
44,1,9,1.46958750579506,1.51757501232634,"1",1,1,1,1,,1
44,2,9,0.797707404009998,-3.28160000258002,"1",1,1,1,1,,1
44,3,9,1.15823378227651,0.264275342919137,"1",1,0,1,0,,0
44,4,9,1.35093762911856,1.14706202219666,"1",1,1,1,1,,1
44,5,9,0.260824891738594,-0.917359071116209,"1",0,1,0,1,,1
44,6,9,1.02498302236199,1.44372421009651,"1",1,1,1,1,,1
44,7,9,-1.63374163303524,0.236872887506871,"1",1,0,1,0,,0
44,8,9,1.80120243132114,-0.626226803236215,"1",1,1,1,1,,1
44,9,9,-1.82428873516619,2.45074406315203,"1",0,0,0,0,,0
44,10,9,-1.47002716176212,0.380232743341288,"1",0,0,0,0,,0
44,11,9,0.477343467995524,0.894509294258361,"1",1,1,1,1,,1
44,12,9,0.334401470609009,-0.748170889204128,"1",1,1,,1,,1
45,1,9,-0.270505804568529,0.632818796796597,"0",0,0,0,,0,
45,2,9,1.01699757110327,0.603361941403059,"0",0,0,0,0,0,
45,3,9,0.445598782971501,1.57096006569113,"0",0,0,0,0,0,
45,4,9,-0.206461891531944,-0.15985810760749,"0",0,0,0,0,0,
45,5,9,1.68109292816371,1.9360148504169,"0",0,1,0,1,0,
45,6,9,1.03571213968098,-0.593160071932206,"0",1,0,1,0,1,
45,7,9,-1.20384521596134,-0.295742791305691,"0",0,0,0,0,0,
45,8,9,-0.618778741918504,0.490690776027453,"0",0,1,0,1,0,
45,9,9,1.36342096515,1.09211269620483,"0",0,0,0,0,0,
45,10,9,0.196870737709105,-1.30481064183801,"0",0,0,0,0,0,
45,11,9,0.874948532320559,-0.424384241389421,"0",0,0,0,0,0,
45,12,9,-0.480950993485749,-0.155257268838815,"0",0,0,0,0,0,
46,1,10,-0.707444653846323,-0.776216703803169,"1",0,0,0,0,,0
46,2,10,-0.905420417897403,-0.440990186093436,"1",0,1,0,1,,1
46,3,10,-1.65027635265142,-0.422706241662019,"1",0,1,0,1,,1
46,4,10,0.638993758708239,-1.10902100099393,"1",1,0,1,0,,0
46,5,10,0.557234953157604,-0.225042418696479,"1",0,1,0,1,,1
46,6,10,0.382493704557419,0.607858894028716,"1",0,0,0,0,,0
46,7,10,-0.0729515599086881,-0.621429591209517,"1",1,1,1,1,,1
46,8,10,1.65989136043936,-0.034736110774813,"1",0,0,0,0,,0
46,9,10,1.71186365466565,1.0560197306017,"1",1,1,1,1,,1
46,10,10,1.09316966682673,0.287582439998292,"1",1,0,1,0,,0
46,11,10,0.22182154469192,-1.27954401237378,"1",0,0,0,0,,0
46,12,10,0.0642967466264963,0.9384156696051,"1",0,0,0,0,,0
47,1,10,-0.372047321870923,0.0505699891234102,"0",0,0,0,0,0,
47,2,10,1.54814697336406,0.0624069410524926,"0",0,0,0,0,0,
47,3,10,0.436839459463954,-1.36012249712087,"0",0,0,0,0,0,
47,4,10,-0.958991119638085,1.66140909750488,"0",1,0,1,0,1,
47,5,10,-1.69181281421334,0.246375508854534,"0",0,1,0,1,0,
47,6,10,1.79741774871945,-1.25489871769087,"0",0,0,0,0,0,
47,7,10,-0.164287471212447,-0.77769470602285,"0",0,0,0,0,0,
47,8,10,0.403553961776197,-0.0511269554175558,"0",0,0,0,0,0,
47,9,10,1.74618826899678,-0.0763115901894134,"0",0,1,0,1,0,
47,10,10,-1.09215167537332,0.906359746480933,"0",0,1,0,1,0,
47,11,10,-0.0906885946169496,-0.903066919502853,"0",0,0,0,0,0,
47,12,10,1.77354562561959,-0.0365467967504485,"0",0,1,0,1,0,
48,1,10,-0.642815073020756,-2.14314328431077,"1",0,0,0,0,,0
48,2,10,-1.51816392876208,-0.813367029929373,"1",0,1,0,1,,1
48,3,10,-0.510408787988126,-1.24943154641415,"1",1,1,1,1,,1
48,4,10,-1.74205668456852,-1.71455832581578,"1",1,0,1,0,,0
48,5,10,-1.13771043065935,0.306244060641421,"1",1,0,1,0,,0
48,6,10,-0.550663028843701,-0.991124079962477,"1",0,0,0,0,,0
48,7,10,-0.936653785407543,0.851208496199294,"1",1,1,1,1,,1
48,8,10,-1.85981043614447,0.598626862997694,"1",0,1,0,1,,1
48,9,10,0.738451995886862,1.08336453041759,"1",1,0,1,0,,0
48,10,10,0.480576321482658,-0.25006549558828,"1",0,0,0,0,,0
48,11,10,1.12291597109288,-0.242769232497846,"1",1,1,1,1,,1
48,12,10,1.98430811520666,0.439826843467813,"1",0,0,,0,,0
49,1,10,0.640025831758976,-0.75627542113848,"0",0,0,0,0,0,
49,2,10,-0.105153179727495,0.761468616496875,"0",0,1,0,1,0,
49,3,10,0.481919615529478,0.147992254056653,"0",0,1,0,1,0,
49,4,10,0.332516782917082,0.368590462654598,"0",0,0,0,0,0,
49,5,10,1.88921392150223,-0.0701877239517474,"0",0,0,0,0,0,
49,6,10,1.6376594947651,2.4814944766062,"0",0,0,0,0,0,
49,7,10,1.99210508354008,0.851141988163133,"0",0,0,0,0,0,
49,8,10,1.1550190160051,2.08987517296977,"0",0,0,0,0,0,
49,9,10,-0.934103636071086,-1.58551388432273,"0",0,1,0,1,0,
49,10,10,-1.46402529813349,1.75007908740778,"0",1,1,1,1,1,
49,11,10,-0.217922191135585,0.0788638035443402,"0",0,1,0,1,0,
49,12,10,1.60960509348661,-0.737867025438294,"0",0,0,0,0,0,
50,1,10,-0.539821643382311,-0.456018900772263,"1",1,0,1,,,0
50,2,10,0.681207442656159,1.25081383107328,"1",1,0,1,0,,0
50,3,10,0.88612384814769,0.304070201989525,"1",0,1,0,1,,1
50,4,10,1.70283830631524,0.250078753841582,"1",1,1,1,1,,1
50,5,10,-1.2240190859884,-0.351006217929073,"1",1,0,1,0,,0
50,6,10,1.51756846345961,-1.29902615738785,"1",1,0,1,0,,0
50,7,10,-1.2043668339029,1.14380255361662,"1",1,1,1,1,,1
50,8,10,-1.79404441453516,-1.91000754734177,"1",0,0,0,0,,0
50,9,10,1.48502636235207,0.0461671655721689,"1",0,0,0,0,,0
50,10,10,0.407550310716033,0.0711409869467172,"1",0,0,0,0,,0
50,11,10,1.46522648073733,1.26454342089949,"1",1,1,1,1,,1
50,12,10,-0.054497436620295,0.796734317338602,"1",1,0,1,0,,0
51,1,11,-1.87703850492835,-0.361749745003496,"0",1,0,1,0,1,
51,2,11,-1.22422635741532,1.37828361000466,"0",0,0,0,0,0,
51,3,11,-0.583005261607468,-0.579000580758432,"0",0,0,0,0,0,
51,4,11,0.252672132104635,-0.32155706393826,"0",1,1,1,1,1,
51,5,11,1.68397825304419,-0.283102515848825,"0",0,1,0,1,0,
51,6,11,1.93042812962085,-2.28019321952704,"0",1,1,1,1,1,
51,7,11,-0.0541717587038875,-0.425758168075012,"0",1,0,1,0,1,
51,8,11,-0.943899683654308,0.0488965055020754,"0",1,0,1,0,1,
51,9,11,-1.74071495886892,0.762831094793079,"0",1,1,1,1,1,
51,10,11,-0.337233460508287,-0.527567071453101,"0",0,0,0,0,0,
51,11,11,0.328954267315567,-0.254586472436124,"0",1,0,1,0,1,
51,12,11,0.870177835226059,0.93553544484207,"0",1,1,1,1,1,
52,1,11,0.552164876833558,0.225689951777792,"1",1,1,1,1,,1
52,2,11,-0.583358993753791,0.377257873618162,"1",0,1,0,1,,1
52,3,11,-0.184103725478053,0.783950481581385,"1",1,0,1,0,,0
52,4,11,1.01023050583899,1.53494521264868,"1",0,1,0,1,,1
52,5,11,-1.1684629349038,-0.109390617513208,"1",0,1,0,1,,1
52,6,11,-0.177508532069623,-0.40399696308357,"1",1,1,1,1,,1
52,7,11,-0.951094078831375,0.580211587839176,"1",0,1,0,1,,1
52,8,11,0.696819553151727,-1.55106185477081,"1",1,1,1,1,,1
52,9,11,0.842505015432835,-0.412013052667296,"1",1,0,1,0,,0
52,10,11,-1.6123162927106,1.07726715510848,"1",0,1,0,1,,1
52,11,11,-0.460147603414953,-0.0547707319592326,"1",0,1,0,1,,1
52,12,11,1.19203825481236,0.589767585555522,"1",1,1,,1,,1
53,1,11,-0.914744315668941,1.10115858547025,"0",0,0,0,0,0,
53,2,11,-1.02406491339207,1.66528915995691,"0",0,0,0,0,0,
53,3,11,1.18736301828176,0.141649048483037,"0",1,0,1,0,1,
53,4,11,0.0212496314197779,-1.66428496896248,"0",0,0,0,0,0,
53,5,11,0.881854266859591,0.898598869190553,"0",1,1,1,1,1,
53,6,11,1.67673027515411,-0.866043099065161,"0",1,0,1,0,1,
53,7,11,-0.989765498787165,2.49221860397597,"0",0,1,0,1,0,
53,8,11,-0.400984671898186,1.09925945482202,"0",0,0,0,0,0,
53,9,11,-1.73145811632276,0.642877532770456,"0",0,0,0,0,0,
53,10,11,0.280043885111809,1.25827269056232,"0",0,1,0,1,0,
53,11,11,1.50431113597006,1.73690171638226,"0",1,1,1,1,1,
53,12,11,1.83246161043644,0.339143537442331,"0",1,1,1,1,1,
54,1,11,1.95865462999791,-0.84825741528307,"1",1,1,1,1,,1
54,2,11,1.74157783482224,-0.188376465561824,"1",1,0,1,0,,0
54,3,11,1.31696359720081,-0.837986855420521,"1",1,0,1,0,,0
54,4,11,-0.103090538643301,-0.38945382588667,"1",0,0,0,0,,0
54,5,11,1.13745627366006,-0.670357554015736,"1",1,0,1,0,,0
54,6,11,0.817702185362577,-0.0343758721270838,"1",1,1,1,1,,1
54,7,11,-0.462429387494922,0.462389468586258,"1",0,1,0,1,,1
54,8,11,-0.579470914788544,-1.57453722890196,"1",0,0,0,0,,0
54,9,11,-0.702442726120353,-1.14283101599837,"1",1,1,1,1,,1
54,10,11,1.97671900689602,-1.33977658288869,"1",1,0,1,0,,0
54,11,11,0.919037194922566,0.659633860150895,"1",1,0,1,0,,0
54,12,11,-1.26492218486965,0.190176509407556,"1",0,0,0,0,,0
55,1,11,1.65599105041474,0.134441267914917,"0",1,1,1,,1,
55,2,11,1.36188058089465,0.634681571582285,"0",0,1,0,1,0,
55,3,11,1.63391928281635,0.154446484366354,"0",1,1,1,1,1,
55,4,11,1.40785581246018,0.238155996218903,"0",1,1,1,1,1,
55,5,11,0.452231175266206,-0.752766531200068,"0",1,1,1,1,1,
55,6,11,0.223781894892454,-2.08259275356227,"0",0,0,0,0,0,
55,7,11,0.334272756241262,-0.45109146241071,"0",0,0,0,0,0,
55,8,11,-1.59729029703885,0.890246004700346,"0",0,0,0,0,0,
55,9,11,0.810010731220245,0.583909116493113,"0",1,1,1,1,1,
55,10,11,-0.41967914160341,-2.33257772546885,"0",1,0,1,0,1,
55,11,11,-1.69442315585911,1.09997224162761,"0",0,0,0,0,0,
55,12,11,-1.95843551307917,-0.899782835113027,"0",0,0,0,0,0,
56,1,12,-0.866317383013666,-1.3255712712677,"1",1,1,1,1,,1
56,2,12,-1.72805587854236,1.04269385887007,"1",0,1,0,1,,1
56,3,12,-1.7696662703529,-0.609636272813643,"1",0,0,0,0,,0
56,4,12,-0.733607985079288,1.28611668198562,"1",0,1,0,1,,1
56,5,12,1.73496193066239,0.732183403539982,"1",1,0,1,0,,0
56,6,12,1.41311371326447,-0.392460723395843,"1",1,1,1,1,,1
56,7,12,1.40067808516324,-0.817272455314667,"1",1,1,1,1,,1
56,8,12,0.964122350327671,-0.780749811438395,"1",1,1,1,1,,1
56,9,12,0.365232652053237,-0.156176494528756,"1",0,1,0,1,,1
56,10,12,-0.96188925113529,-0.515253293682139,"1",0,1,0,1,,1
56,11,12,0.365914680995047,0.0690167802301402,"1",1,1,1,1,,1
56,12,12,-1.97667488176376,2.96761434622135,"1",0,1,,1,,1
57,1,12,0.386927996762097,1.11004167793344,"0",1,1,1,1,1,
57,2,12,-1.12465414498001,-0.0917184054415736,"0",0,1,0,1,0,
57,3,12,1.05704395845532,0.1292289908518,"0",1,1,1,1,1,
57,4,12,-0.238935711793602,-1.8067054484442,"0",1,0,1,0,1,
57,5,12,-0.386726521886885,0.789610197030431,"0",1,1,1,1,1,
57,6,12,1.1615182114765,2.44893558252826,"0",1,1,1,1,1,
57,7,12,1.26383963413537,0.708006280757088,"0",1,1,1,1,1,
57,8,12,-1.95006095152348,1.03213677127597,"0",0,0,0,0,0,
57,9,12,-1.35031803045422,-1.00555423584981,"0",0,0,0,0,0,
57,10,12,-0.14202260505408,0.247260554957778,"0",1,0,1,0,1,
57,11,12,1.81417480204254,0.732481505300089,"0",1,1,1,1,1,
57,12,12,-0.819566898979247,-0.772271250728867,"0",0,0,0,0,0,
58,1,12,0.081605127081275,1.42800005514302,"1",1,1,1,1,,1
58,2,12,0.706080256029963,-1.28514883904364,"1",1,1,1,1,,1
58,3,12,1.23226657323539,-1.57356995898666,"1",1,1,1,1,,1
58,4,12,-0.619276077486575,-0.0372186514340507,"1",1,0,1,0,,0
58,5,12,-1.63573030661792,0.338376206985609,"1",1,0,1,0,,0
58,6,12,-1.52530185971409,-1.10236855031896,"1",0,0,0,0,,0
58,7,12,1.25377632770687,1.00742470442502,"1",1,1,1,1,,1
58,8,12,-1.93315327446908,-0.126204055138572,"1",0,0,0,0,,0
58,9,12,-0.702594361267984,0.948328398390164,"1",0,1,0,1,,1
58,10,12,1.68782047182322,1.23613124362539,"1",1,1,1,1,,1
58,11,12,-1.90067053958774,1.00508446931947,"1",0,0,0,0,,0
58,12,12,-1.21165498904884,-0.627254323806104,"1",0,0,0,0,,0
59,1,12,-0.757275706157088,-1.56749306935265,"0",1,0,1,0,1,
59,2,12,1.5396460108459,0.326538603571803,"0",1,1,1,1,1,
59,3,12,1.29559452924877,0.326718263912251,"0",1,1,1,1,1,
59,4,12,0.870880609378219,-1.18864535536388,"0",0,1,0,1,0,
59,5,12,1.03812248446047,-0.679928005970122,"0",1,1,1,1,1,
59,6,12,-0.232935650274158,0.348560525648881,"0",0,1,0,1,0,
59,7,12,-0.731001483276486,-1.11665096980963,"0",0,0,0,0,0,
59,8,12,1.60259611066431,-0.336896563242972,"0",0,1,0,1,0,
59,9,12,0.0377580793574452,-0.159127066691537,"0",1,0,1,0,1,
59,10,12,1.01730863749981,0.255422933542923,"0",1,1,1,1,1,
59,11,12,-0.946751912124455,0.0317384494541655,"0",0,1,0,1,0,
59,12,12,1.82537016458809,0.107795423218014,"0",1,1,1,1,1,
60,1,12,-0.386700316332281,0.194355304408713,"1",1,0,1,,,0
60,2,12,1.23593652620912,0.705249516216317,"1",1,1,1,1,,1
60,3,12,-1.69626957084984,1.42073925613611,"1",0,0,0,0,,0
60,4,12,-1.76647507492453,-0.704065199389493,"1",0,0,0,0,,0
60,5,12,-1.78075636457652,0.564218914964876,"1",0,1,0,1,,1
60,6,12,-1.83908927440643,1.25011335286976,"1",0,0,0,0,,0
60,7,12,-0.251723862253129,-0.787629027161997,"1",1,0,1,0,,0
60,8,12,1.24928359128535,-0.31253324854972,"1",0,1,0,1,,1
60,9,12,-1.57221492007375,-0.180701206881637,"1",0,0,0,0,,0
60,10,12,-0.247763345018029,-0.676782444613897,"1",0,0,0,0,,0
60,11,12,-1.54224939458072,-1.9716878308314,"1",0,0,0,0,,0
60,12,12,-1.44148040097207,1.46532343985086,"1",0,1,,1,,1
61,1,13,0.0205289563164115,-1.0574760467887,"0",0,0,0,0,0,
61,2,13,1.84037906955928,-1.16059087356102,"0",0,1,0,1,0,
61,3,13,-0.642139090225101,-0.593619566113454,"0",0,0,0,0,0,
61,4,13,-1.15244103875011,0.168166989338902,"0",0,1,0,1,0,
61,5,13,-1.08582016825676,0.240420771968264,"0",0,1,0,1,0,
61,6,13,-1.52777850069106,0.011151326169465,"0",0,0,0,0,0,
61,7,13,-0.848102970980108,-1.24958346458115,"0",0,0,0,0,0,
61,8,13,-1.61464557144791,-0.563709761517765,"0",0,0,0,0,0,
61,9,13,0.590882222168148,1.21228395685088,"0",0,0,0,0,0,
61,10,13,-0.0399496853351593,0.12206917633623,"0",0,0,0,0,0,
61,11,13,-0.376007543876767,0.284392842332914,"0",0,0,0,0,0,
61,12,13,1.05185217317194,0.241145227758885,"0",0,0,0,0,0,
62,1,13,0.0216851122677326,-0.702899966343825,"1",0,1,0,1,,1
62,2,13,-1.53586723934859,-0.488370938847541,"1",1,0,1,0,,0
62,3,13,-0.523299746215343,0.917215828001842,"1",0,0,0,0,,0
62,4,13,-0.324884697794914,1.06766334298916,"1",0,0,0,0,,0
62,5,13,0.352881666272879,0.464227532561922,"1",0,0,0,0,,0
62,6,13,-0.090060536749661,-1.08962079091308,"1",0,0,0,0,,0
62,7,13,-0.829263255000114,3.5650821005196,"1",0,0,0,0,,0
62,8,13,-0.364724224433303,-0.997657480270975,"1",1,0,1,0,,0
62,9,13,-1.81816508620977,0.994020824410647,"1",1,0,1,0,,0
62,10,13,-0.210578895173967,-0.904500764986179,"1",0,0,0,0,,0
62,11,13,0.301274133846164,-1.15140192475852,"1",0,0,0,0,,0
62,12,13,1.6206143386662,1.29173188520402,"1",0,0,0,0,,0
63,1,13,-0.0683550862595439,-1.12874566229863,"0",0,1,0,1,0,
63,2,13,1.02570333890617,-0.0224918474515895,"0",0,1,0,1,0,
63,3,13,-1.9965002797544,0.8865092505868,"0",1,1,1,1,1,
63,4,13,-1.7375524668023,0.533964346056051,"0",1,1,1,1,1,
63,5,13,1.03783862665296,-1.5658730052126,"0",0,1,0,1,0,
63,6,13,1.19781136047095,-0.959504363866404,"0",1,0,1,0,1,
63,7,13,0.0460700932890177,-0.91299468437908,"0",0,1,0,1,0,
63,8,13,0.991880006156862,0.364993152106394,"0",1,1,1,1,1,
63,9,13,1.1143996277824,0.723217047430491,"0",1,0,1,0,1,
63,10,13,-0.566019353456795,-0.716470684064022,"0",1,0,1,0,1,
63,11,13,1.99377836659551,1.33178799309072,"0",0,0,0,0,0,
63,12,13,-0.311166341416538,0.972114402972957,"0",0,1,0,1,0,
64,1,13,0.0184982884675264,-0.461876541157024,"1",0,1,0,1,,1
64,2,13,0.796062351204455,-0.178648556236616,"1",1,0,1,0,,0
64,3,13,0.269322703592479,-0.313856604497366,"1",1,0,1,0,,0
64,4,13,0.266578545793891,1.96769223251424,"1",1,0,1,0,,0
64,5,13,-1.35847514029592,-1.04515324083642,"1",1,0,1,0,,0
64,6,13,1.52107665129006,-1.14590364239075,"1",1,0,1,0,,0
64,7,13,1.3958622822538,0.607520624715757,"1",1,0,1,0,,0
64,8,13,-0.517767315730453,0.811103404073636,"1",0,0,0,0,,0
64,9,13,-1.41416551917791,0.980048404363204,"1",1,0,1,0,,0
64,10,13,-1.88949194271117,0.553170327526527,"1",1,0,1,0,,0
64,11,13,1.22501776181161,1.53034211723157,"1",1,0,1,0,,0
64,12,13,0.0428835786879063,-1.21318609458421,"1",1,1,,1,,1
65,1,13,-1.17779965978116,0.713042591606353,"0",0,1,0,,0,
65,2,13,-1.22704789787531,0.7512851958005,"0",1,1,1,1,1,
65,3,13,1.03150960803032,0.27577852840211,"0",0,1,0,1,0,
65,4,13,-0.618002970702946,-1.6191811451394,"0",0,0,0,0,0,
65,5,13,-0.906224779784679,1.65879160536493,"0",1,0,1,0,1,
65,6,13,1.97751859389246,-0.129849751651014,"0",1,1,1,1,1,
65,7,13,-1.01669026166201,-0.554601857293758,"0",1,1,1,1,1,
65,8,13,-0.854347965680063,1.08989537447932,"0",1,1,1,1,1,
65,9,13,-1.10273226723075,0.0730996901662399,"0",1,0,1,0,1,
65,10,13,0.580788178369403,-1.68581976991807,"0",0,1,0,1,0,
65,11,13,-0.953566575422883,0.583578668804055,"0",1,1,1,1,1,
65,12,13,-1.29362600669265,-1.19204652297378,"0",0,0,0,0,0,
66,1,14,0.575294088572264,0.656161635837967,"1",0,0,0,0,,0
66,2,14,0.786492959596217,-1.41380629050291,"1",0,0,0,0,,0
66,3,14,-0.571473904885352,0.332607662786529,"1",1,1,1,1,,1
66,4,14,1.85563779156655,-1.24566262584753,"1",1,0,1,0,,0
66,5,14,-0.126182304695249,1.30756698163545,"1",0,0,0,0,,0
66,6,14,-1.9251122539863,0.455916873274869,"1",0,0,0,0,,0
66,7,14,-1.64941106084734,-0.190599331193759,"1",1,1,1,1,,1
66,8,14,1.13384551834315,-0.00533488438016957,"1",1,0,1,0,,0
66,9,14,0.580315091647208,-1.03133439087587,"1",1,1,1,1,,1
66,10,14,0.795508224517107,-0.850180571046876,"1",1,0,1,0,,0
66,11,14,0.326623667962849,-0.996217278411775,"1",1,0,1,0,,0
66,12,14,-1.10564605239779,0.982534506710986,"1",0,0,0,0,,0
67,1,14,0.676866775378585,1.29751239992077,"0",1,1,1,1,1,
67,2,14,-1.85587464366108,0.533994417698719,"0",0,0,0,0,0,
67,3,14,-0.246222698129714,-1.08937944159283,"0",0,1,0,1,0,
67,4,14,-0.312566777691245,1.14115232112072,"0",0,0,0,0,0,
67,5,14,-1.05939796287566,0.267495516985959,"0",0,1,0,1,0,
67,6,14,-0.424058185890317,0.511776397419064,"0",0,0,0,0,0,
67,7,14,1.91972843091935,0.123914977594412,"0",1,1,1,1,1,
67,8,14,-0.818749874830246,1.59672938130184,"0",1,1,1,1,1,
67,9,14,-0.827155386097729,0.280652091738755,"0",0,0,0,0,0,
67,10,14,-0.443644992075861,0.492952707436584,"0",1,1,1,1,1,
67,11,14,0.980878472328186,0.168275605194033,"0",1,1,1,1,1,
67,12,14,-1.17814734019339,-0.752688852943815,"0",0,0,0,0,0,
68,1,14,0.827275183051825,0.446569734560792,"1",1,1,1,1,,1
68,2,14,1.81363192480057,0.15056507937798,"1",1,0,1,0,,0
68,3,14,-0.0503798294812441,-0.818517334951839,"1",1,0,1,0,,0
68,4,14,1.82766745146364,0.614881544684804,"1",1,0,1,0,,0
68,5,14,1.20149617269635,-0.554107348157381,"1",1,1,1,1,,1
68,6,14,0.166910940781236,-0.998854194662475,"1",1,1,1,1,,1
68,7,14,-1.30433252640069,1.31802014899521,"1",0,1,0,1,,1
68,8,14,-0.614738789387047,-0.814293546102585,"1",1,1,1,1,,1
68,9,14,-1.71920862141997,-0.428121936438781,"1",1,1,1,1,,1
68,10,14,-0.501430931501091,-2.64326435096799,"1",1,1,1,1,,1
68,11,14,-0.0412502065300941,-0.908897176699542,"1",1,1,1,1,,1
68,12,14,-0.519200995564461,0.064181358644177,"1",1,1,,1,,1
69,1,14,-1.24949166644365,-0.451110784468775,"0",0,0,0,0,0,
69,2,14,-1.64886343106627,-1.73905961029005,"0",0,0,0,0,0,
69,3,14,-0.44810061249882,0.343568912334525,"0",1,1,1,1,1,
69,4,14,1.35917528439313,-0.270162846053407,"0",1,1,1,1,1,
69,5,14,-0.708848796784878,1.06476615450717,"0",0,0,0,0,0,
69,6,14,-0.228347958065569,0.333114422498694,"0",0,0,0,0,0,
69,7,14,-1.76689278893173,-0.121845748144036,"0",0,0,0,0,0,
69,8,14,1.55871821567416,-0.0964463298228518,"0",1,1,1,1,1,
69,9,14,0.794074731878936,0.0510570225265996,"0",0,0,0,0,0,
69,10,14,1.1250587226823,-0.645626663307312,"0",1,1,1,1,1,
69,11,14,-1.94179202988744,0.921120086585791,"0",0,1,0,1,0,
69,12,14,0.991740139201283,0.768336566847442,"0",1,0,1,0,1,
70,1,14,-0.833739009685814,0.150134310517245,"1",1,0,1,,,0
70,2,14,0.958163366653025,-0.322465552460325,"1",1,1,1,1,,1
70,3,14,1.73365069739521,-0.403031949302686,"1",1,0,1,0,,0
70,4,14,-0.241234572604299,-1.81122158699481,"1",1,0,1,0,,0
70,5,14,-0.567713701166213,-0.944193949869819,"1",0,1,0,1,,1
70,6,14,-0.963426750153303,-1.39912009059428,"1",0,0,0,0,,0
70,7,14,-0.970055628567934,0.596181534253524,"1",1,0,1,0,,0
70,8,14,-1.97646128293127,0.00688715748762104,"1",1,1,1,1,,1
70,9,14,-1.80106965173036,0.0120181387705385,"1",0,1,0,1,,1
70,10,14,1.77838764060289,-0.0765261820413739,"1",1,0,1,0,,0
70,11,14,-1.14087527897209,-0.570384800218373,"1",0,0,0,0,,0
70,12,14,0.0122282858937979,-0.524293392390067,"1",1,1,1,1,,1
71,1,15,-1.05430933274329,-1.37087523276234,"0",1,0,1,0,1,
71,2,15,-1.93168409075588,-0.764352643934666,"0",1,1,1,1,1,
71,3,15,-1.72323358338326,-1.01313548491039,"0",1,0,1,0,1,
71,4,15,0.372052531689405,-0.219747058960882,"0",1,0,1,0,1,
71,5,15,-1.93710412923247,-0.406995876801074,"0",1,0,1,0,1,
71,6,15,-1.99155281297863,-0.421096407656941,"0",1,1,1,1,1,
71,7,15,-0.621256780810654,0.95369674896962,"0",0,1,0,1,0,
71,8,15,-0.47222500666976,0.0365172384975167,"0",0,0,0,0,0,
71,9,15,-0.812976197339594,0.571493595050102,"0",0,0,0,0,0,
71,10,15,-1.56901786010712,-0.794640049155316,"0",0,0,0,0,0,
71,11,15,-1.52878892142326,-1.91566188925193,"0",1,0,1,0,1,
71,12,15,-0.46665028296411,-1.02248727916049,"0",0,1,0,1,0,
72,1,15,1.07952444069088,0.586201782205085,"1",0,0,0,0,,0
72,2,15,1.89619412645698,0.800372500428109,"1",1,1,1,1,,1
72,3,15,0.889082376845181,-0.692842045367323,"1",1,0,1,0,,0
72,4,15,-0.438981444574893,0.8173964777407,"1",0,0,0,0,,0
72,5,15,-0.42139227502048,-0.470964448056967,"1",1,0,1,0,,0
72,6,15,0.837794343009591,-0.541347649426144,"1",0,0,0,0,,0
72,7,15,-1.36193827632815,-1.26082267508538,"1",0,0,0,0,,0
72,8,15,-1.68321023043245,-2.43084314757566,"1",0,0,0,0,,0
72,9,15,0.949070822447538,-0.796161243038822,"1",1,0,1,0,,0
72,10,15,-0.186757267452776,1.04578567497335,"1",0,0,0,0,,0
72,11,15,-1.75900776963681,-0.256929035288245,"1",0,0,0,0,,0
72,12,15,0.492234543897212,-1.15499362856128,"1",0,0,,0,,0
73,1,15,-0.35321232676506,0.379425616626381,"0",1,1,1,1,1,
73,2,15,-1.92266440391541,0.778182760685531,"0",1,0,1,0,1,
73,3,15,-1.5264397887513,-0.0734658739546173,"0",0,1,0,1,0,
73,4,15,-0.866859073750675,-0.0757939800558499,"0",0,1,0,1,0,
73,5,15,1.91171536128968,1.22604931586206,"0",0,0,0,0,0,
73,6,15,-0.799991117790341,-2.00490922993986,"0",0,1,0,1,0,
73,7,15,-1.985341838561,-0.606071173461256,"0",0,0,0,0,0,
73,8,15,0.470637293532491,-1.23484886411072,"0",0,1,0,1,0,
73,9,15,0.776323857717216,-0.851283269341438,"0",0,0,0,0,0,
73,10,15,0.454114756546915,-0.244566280387029,"0",1,1,1,1,1,
73,11,15,1.59221934340894,-0.9639554570516,"0",1,1,1,1,1,
73,12,15,-1.12490476015955,-0.806160555100798,"0",0,0,0,0,0,
74,1,15,-1.98971590120345,0.117445893110588,"1",0,1,0,1,,1
74,2,15,-1.53151421714574,-0.740206322929322,"1",0,1,0,1,,1
74,3,15,-1.30002679862082,-2.14366397210395,"1",1,0,1,0,,0
74,4,15,0.814029644243419,-1.55035801047896,"1",1,1,1,1,,1
74,5,15,-1.53450817056,0.811123012848614,"1",1,1,1,1,,1
74,6,15,-1.30231558624655,-1.2504933203651,"1",1,1,1,1,,1
74,7,15,0.115665008313954,0.588643135073936,"1",1,1,1,1,,1
74,8,15,-0.985385159961879,0.858025416294669,"1",1,1,1,1,,1
74,9,15,-0.898126335814595,1.53239189333252,"1",0,1,0,1,,1
74,10,15,-1.41427173558623,0.238936537893013,"1",1,0,1,0,,0
74,11,15,0.539028726518154,0.615014174394745,"1",1,1,1,1,,1
74,12,15,1.13272544462234,0.610871598721715,"1",1,1,1,1,,1
75,1,15,0.148927859961987,0.404839603991185,"0",0,0,0,,0,
75,2,15,-0.167930883355439,-0.945935935092589,"0",0,0,0,0,0,
75,3,15,-1.67111927736551,-0.897025395525001,"0",0,0,0,0,0,
75,4,15,-1.48442043364048,0.441741335250203,"0",0,0,0,0,0,
75,5,15,1.33010932058096,-0.848830806402497,"0",1,1,1,1,1,
75,6,15,0.139678840525448,1.46150937709165,"0",0,0,0,0,0,
75,7,15,-0.690737773664296,1.03888665932416,"0",1,0,1,0,1,
75,8,15,1.97990218363702,-0.914767218172228,"0",1,1,1,1,1,
75,9,15,-1.74705226160586,2.17729562351288,"0",0,0,0,0,0,
75,10,15,-0.394605174660683,0.84745815112264,"0",0,0,0,0,0,
75,11,15,-1.00610479805619,0.400124885515945,"0",0,0,0,0,0,
75,12,15,0.497596721164882,-0.418895737410511,"0",1,0,1,0,1,
76,1,16,0.175582622177899,-0.498830904378608,"1",1,0,1,0,,0
76,2,16,-1.73104217927903,1.73462072581704,"1",0,1,0,1,,1
76,3,16,-0.857915915548801,-0.11545666530834,"1",0,1,0,1,,1
76,4,16,1.43541794549674,-0.703732425380016,"1",0,0,0,0,,0
76,5,16,-0.726383383385837,0.611659562384198,"1",1,0,1,0,,0
76,6,16,1.74693280644715,0.210875709260632,"1",1,0,1,0,,0
76,7,16,-1.17063074558973,0.861086888185786,"1",0,0,0,0,,0
76,8,16,-0.180781725794077,-0.650134616377647,"1",1,1,1,1,,1
76,9,16,-0.235371080227196,1.34208790810685,"1",0,1,0,1,,1
76,10,16,1.94640113972127,3.0738603817696,"1",1,0,1,0,,0
76,11,16,-0.486905050463974,0.4756652385225,"1",0,0,0,0,,0
76,12,16,1.95051760412753,-0.927255887445825,"1",1,0,,0,,0
77,1,16,0.333102960139513,-1.24512578066004,"0",1,0,1,0,1,
77,2,16,-0.802516504190862,0.892733315056356,"0",0,1,0,1,0,
77,3,16,1.00533231068403,0.281912901401981,"0",1,1,1,1,1,
77,4,16,1.7197420168668,-0.283485767848588,"0",0,0,0,0,0,
77,5,16,0.99186609312892,0.31574432451383,"0",1,0,1,0,1,
77,6,16,-0.830020271241665,-0.685800363382079,"0",1,1,1,1,1,
77,7,16,-0.111924694851041,-1.30656915030878,"0",1,0,1,0,1,
77,8,16,1.81405819766223,0.174154755624093,"0",1,1,1,1,1,
77,9,16,-0.972502797842026,-1.78202729246727,"0",1,0,1,0,1,
77,10,16,1.27536586485803,0.269331912236795,"0",0,1,0,1,0,
77,11,16,0.376464456319809,-0.328806291997681,"0",1,1,1,1,1,
77,12,16,1.59630525764078,0.0210632988921345,"0",1,1,1,1,1,
78,1,16,-0.664550008252263,2.14600654023024,"1",0,1,0,1,,1
78,2,16,-1.84191044606268,0.536831510902953,"1",0,1,0,1,,1
78,3,16,-0.18348890915513,0.0799572730292427,"1",1,1,1,1,,1
78,4,16,1.16601098701358,-0.8633258763229,"1",1,1,1,1,,1
78,5,16,-1.10442265961319,2.05824167486097,"1",0,1,0,1,,1
78,6,16,-1.59655455779284,0.854981733069177,"1",0,0,0,0,,0
78,7,16,-0.155897445976734,1.0409884657831,"1",1,1,1,1,,1
78,8,16,-1.38068773504347,1.11934456982699,"1",0,0,0,0,,0
78,9,16,0.352169781923294,-0.0631884164086164,"1",1,1,1,1,,1
78,10,16,-1.90124626643956,-0.489195069002503,"1",0,0,0,0,,0
78,11,16,-1.96337775699794,-1.31121623998452,"1",0,0,0,0,,0
78,12,16,-1.64843664132059,0.0510449353856872,"1",0,1,0,1,,1
79,1,16,-1.6654943972826,0.352139778349323,"0",0,0,0,0,0,
79,2,16,0.274970117025077,0.39487370367452,"0",0,0,0,0,0,
79,3,16,0.0191927067935467,1.52372358692949,"0",1,1,1,1,1,
79,4,16,1.3570503545925,1.09835440305127,"0",0,1,0,1,0,
79,5,16,-1.46653473190963,0.935208185974937,"0",1,0,1,0,1,
79,6,16,0.395375646650791,-2.11454145047317,"0",1,0,1,0,1,
79,7,16,-0.929252003319561,-0.0941163257830716,"0",0,0,0,0,0,
79,8,16,-0.738819243386388,-0.49818785147043,"0",0,1,0,1,0,
79,9,16,1.73636575043201,0.505901498146126,"0",1,1,1,1,1,
79,10,16,-1.07236690446734,-0.214188664320439,"0",1,0,1,0,1,
79,11,16,0.0966814961284399,0.440261579219959,"0",0,1,0,1,0,
79,12,16,-1.09545511007309,-1.21089525636131,"0",1,1,1,1,1,
80,1,16,0.585827269591391,2.08375037493647,"1",0,1,0,,,1
80,2,16,1.46050008386374,-0.659236387312219,"1",1,1,1,1,,1
80,3,16,-0.570976374670863,0.824357344360455,"1",0,1,0,1,,1
80,4,16,0.174653713591397,-0.207868160276839,"1",1,0,1,0,,0
80,5,16,-0.0700458716601133,0.112235255306449,"1",1,0,1,0,,0
80,6,16,1.29651216510683,1.97550519109948,"1",0,1,0,1,,1
80,7,16,1.25941305886954,3.64954446202933,"1",1,1,1,1,,1
80,8,16,-1.66596566606313,1.50590455114416,"1",0,0,0,0,,0
80,9,16,0.19332327041775,-0.333825449002581,"1",0,0,0,0,,0
80,10,16,-1.11971645522863,0.0327162515796008,"1",0,0,0,0,,0
80,11,16,1.35666126105934,-1.02136744473701,"1",1,1,1,1,,1
80,12,16,-1.04124482255429,-1.33686290513162,"1",0,0,,0,,0
81,1,17,-1.43118920642883,-0.961199821869214,"0",0,0,0,0,0,
81,2,17,0.573544223792851,0.516646298561151,"0",0,1,0,1,0,
81,3,17,-1.6023140354082,1.2788800997568,"0",0,1,0,1,0,
81,4,17,0.505453458055854,-0.312098943573274,"0",1,0,1,0,1,
81,5,17,-0.390650533139706,-0.342216742526455,"0",1,1,1,1,1,
81,6,17,0.0881743784993887,-1.36401561049296,"0",1,0,1,0,1,
81,7,17,-0.589467267505825,0.288758696032951,"0",0,0,0,0,0,
81,8,17,1.73780941870064,-0.000143108142193212,"0",0,1,0,1,0,
81,9,17,0.629457757808268,-0.740373866560706,"0",0,0,0,0,0,
81,10,17,-1.12723288778216,0.611446702446679,"0",0,0,0,0,0,
81,11,17,-1.08592560235411,-0.426760755089403,"0",1,1,1,1,1,
81,12,17,-1.67326964624226,-0.667782001771328,"0",0,1,0,1,0,
82,1,17,0.0961592076346278,-1.1437548769466,"1",0,1,0,1,,1
82,2,17,-0.278184690512717,-0.979469462437286,"1",0,1,0,1,,1
82,3,17,1.77227609418333,0.0239781430148867,"1",0,1,0,1,,1
82,4,17,1.06968806963414,2.16014439621255,"1",0,1,0,1,,1
82,5,17,0.918088961392641,-0.354297808712397,"1",0,1,0,1,,1
82,6,17,0.641586612910032,1.92598996838124,"1",0,1,0,1,,1
82,7,17,0.544856612570584,-0.409750232160023,"1",0,1,0,1,,1
82,8,17,-1.52413680963218,0.0607153493568718,"1",0,0,0,0,,0
82,9,17,-1.00362773891538,-1.85270888996244,"1",0,1,0,1,,1
82,10,17,0.156697735190392,-1.00597400213502,"1",0,0,0,0,,0
82,11,17,-1.7945003779605,-0.370601517255751,"1",0,0,0,0,,0
82,12,17,-1.08648001030087,0.69641203864658,"1",0,0,0,0,,0
83,1,17,-1.7156520690769,0.110177817478891,"0",1,0,1,0,1,
83,2,17,0.96651568915695,1.82780904068079,"0",1,1,1,1,1,
83,3,17,-0.987827519886196,-1.31580635928403,"0",0,0,0,0,0,
83,4,17,1.87756287213415,1.28045215124481,"0",0,1,0,1,0,
83,5,17,1.73587389942259,0.32489012507174,"0",0,1,0,1,0,
83,6,17,0.275190211832523,0.213294845262083,"0",0,1,0,1,0,
83,7,17,-0.887316868640482,-0.507179142241852,"0",0,0,0,0,0,
83,8,17,-0.868131095543504,0.888227851116929,"0",1,0,1,0,1,
83,9,17,-0.740315170958638,-0.0690134237247136,"0",0,0,0,0,0,
83,10,17,-1.25497746374458,0.121661085786434,"0",1,0,1,0,1,
83,11,17,0.626204228959978,1.07361441076164,"0",0,1,0,1,0,
83,12,17,1.59528402518481,-0.307700028247861,"0",0,1,0,1,0,
84,1,17,-1.36177081055939,-0.704410852092118,"1",0,0,0,0,,0
84,2,17,-1.46338659804314,0.24518466918477,"1",0,0,0,0,,0
84,3,17,-0.613765778951347,-0.240382175482541,"1",0,0,0,0,,0
84,4,17,-0.130863687954843,-0.28555279162394,"1",0,0,0,0,,0
84,5,17,0.32526629883796,0.0317389829395232,"1",0,0,0,0,,0
84,6,17,0.507476821541786,-0.155125960214989,"1",0,0,0,0,,0
84,7,17,1.24520443100482,0.574589718659967,"1",0,0,0,0,,0
84,8,17,-0.391067347489297,0.815811914252891,"1",0,0,0,0,,0
84,9,17,-1.71006200090051,0.0186330456811283,"1",1,1,1,1,,1
84,10,17,0.372300150804222,0.205516164600418,"1",0,0,0,0,,0
84,11,17,-1.09823200013489,-2.42212615673005,"1",1,0,1,0,,0
84,12,17,0.760545135475695,-0.140106699756923,"1",0,0,,0,,0
85,1,17,-1.82877616025507,-0.0515445237076737,"0",1,1,1,,1,
85,2,17,0.581341645680368,-1.30477088996899,"0",1,0,1,0,1,
85,3,17,1.36797505244613,0.192889840538596,"0",1,0,1,0,1,
85,4,17,-1.65871594101191,-2.37175785753335,"0",0,1,0,1,0,
85,5,17,0.927533565089107,1.00989948165901,"0",1,0,1,0,1,
85,6,17,-1.20219168812037,2.45231736577313,"0",0,1,0,1,0,
85,7,17,1.55583702493459,-2.83815009632992,"0",1,0,1,0,1,
85,8,17,-0.572492578998208,0.568345192735701,"0",1,1,1,1,1,
85,9,17,-1.62855526525527,1.08786541222896,"0",0,1,0,1,0,
85,10,17,-1.40900631435215,0.767133264246245,"0",0,1,0,1,0,
85,11,17,-0.432534581981599,0.969856240881071,"0",0,1,0,1,0,
85,12,17,-1.92739701922983,-0.00291248992267914,"0",0,1,0,1,0,
86,1,18,1.29201934952289,0.905004899047185,"1",1,0,1,0,,0
86,2,18,0.888416263274848,0.432035224489662,"1",0,0,0,0,,0
86,3,18,0.539971980266273,-0.432092131146359,"1",0,0,0,0,,0
86,4,18,0.614967744797468,-1.03074124672375,"1",1,1,1,1,,1
86,5,18,0.542691016569734,0.0421886570958685,"1",0,1,0,1,,1
86,6,18,1.00858149118721,1.56863550074865,"1",1,0,1,0,,0
86,7,18,-1.80280276853591,0.202453369966345,"1",0,0,0,0,,0
86,8,18,-0.903019716031849,0.700492569420343,"1",0,0,0,0,,0
86,9,18,1.32311091478914,-0.914049331382665,"1",1,0,1,0,,0
86,10,18,-0.281652900390327,-0.995194947250017,"1",0,1,0,1,,1
86,11,18,-1.25835832860321,0.455384249096241,"1",0,1,0,1,,1
86,12,18,1.79483581893146,2.93976839123419,"1",0,0,0,0,,0
87,1,18,-1.14582918863744,-0.0549257138841769,"0",0,1,0,1,0,
87,2,18,0.586060501635075,-0.953107034588622,"0",0,0,0,0,0,
87,3,18,0.773701903410256,-1.34343508817363,"0",1,1,1,1,1,
87,4,18,0.709426980465651,0.145024412757673,"0",0,0,0,0,0,
87,5,18,1.38602949492633,2.76437856997727,"0",1,1,1,1,1,
87,6,18,-0.440596568398178,-1.1222281842915,"0",0,0,0,0,0,
87,7,18,-1.06047453265637,0.792890518931197,"0",0,1,0,1,0,
87,8,18,0.897931364364922,0.660972145630816,"0",0,1,0,1,0,
87,9,18,0.896808140911162,-0.878704391923791,"0",1,0,1,0,1,
87,10,18,-1.20338713377714,-1.14664736185461,"0",0,0,0,0,0,
87,11,18,1.61864430457354,1.35235755362474,"0",0,1,0,1,0,
87,12,18,-1.83812815882266,-1.831099853731,"0",0,0,0,0,0,
88,1,18,-0.330211968161166,0.377869415149163,"1",0,1,0,1,,1
88,2,18,0.836455464363098,0.886028605381528,"1",0,1,0,1,,1
88,3,18,1.85658693499863,1.15712386232196,"1",0,1,0,1,,1
88,4,18,1.44226544257253,1.02206094344892,"1",0,0,0,0,,0
88,5,18,1.16071988362819,0.652740619670599,"1",0,1,0,1,,1
88,6,18,-0.780917534604669,0.037458722823796,"1",0,1,0,1,,1
88,7,18,1.27953486982733,-0.319352392384338,"1",0,1,0,1,,1
88,8,18,-0.543013507500291,-0.779745765802696,"1",1,0,1,0,,0
88,9,18,-1.21394899580628,-0.677153626970466,"1",1,1,1,1,,1
88,10,18,-1.52591237518936,2.11475081574692,"1",1,0,1,0,,0
88,11,18,-1.76966799329966,0.429380910031265,"1",1,0,1,0,,0
88,12,18,-0.0523468656465411,1.02170524610957,"1",1,0,,0,,0
89,1,18,-1.74025685153902,-0.618986037778156,"0",0,0,0,0,0,
89,2,18,-1.26018411852419,0.813636372369926,"0",1,1,1,1,1,
89,3,18,0.493627303279936,-0.898561973006613,"0",0,0,0,0,0,
89,4,18,-0.763873660936952,0.0362348875244085,"0",1,1,1,1,1,
89,5,18,1.22676317952573,-0.214498940183841,"0",1,0,1,0,1,
89,6,18,-0.377940896898508,1.32460488514877,"0",0,1,0,1,0,
89,7,18,0.371964137069881,1.36030771992003,"0",0,1,0,1,0,
89,8,18,-0.815531481988728,-0.514642754595331,"0",0,0,0,0,0,
89,9,18,1.48493773676455,1.79136843225485,"0",0,0,0,0,0,
89,10,18,1.77031450066715,-2.4957468563395,"0",1,0,1,0,1,
89,11,18,-0.72685912437737,0.837021265969672,"0",0,1,0,1,0,
89,12,18,-0.693750386126339,-0.348471933716985,"0",0,0,0,0,0,
90,1,18,1.21465244702995,1.69076281706391,"1",0,0,0,,,0
90,2,18,0.402033172547817,0.425737940213292,"1",1,0,1,0,,0
90,3,18,1.42548256460577,0.00376653441835432,"1",1,0,1,0,,0
90,4,18,1.58477939106524,0.0444521254508083,"1",1,0,1,0,,0
90,5,18,0.0224456321448088,-0.408856801321184,"1",1,0,1,0,,0
90,6,18,0.791084052063525,-1.54805257931575,"1",1,0,1,0,,0
90,7,18,-1.27277809381485,-0.484861351859193,"1",0,1,0,1,,1
90,8,18,-0.869280664250255,0.0986323854118441,"1",0,1,0,1,,1
90,9,18,0.148879662156105,0.0099576432380076,"1",1,1,1,1,,1
90,10,18,0.486591989174485,-1.00558311813035,"1",1,0,1,0,,0
90,11,18,-1.86637061741203,0.513537333457778,"1",0,0,0,0,,0
90,12,18,-0.120809335261583,0.163582182455473,"1",0,0,0,0,,0
91,1,19,1.46764632128179,-0.856709617394137,"0",1,1,1,1,1,
91,2,19,-0.254315645433962,-0.328861751771354,"0",0,1,0,1,0,
91,3,19,-0.584072957746685,0.246461586950703,"0",0,0,0,0,0,
91,4,19,-0.251389401964843,-0.571252103917656,"0",0,0,0,0,0,
91,5,19,-0.477605362422764,0.649301935057939,"0",0,1,0,1,0,
91,6,19,0.427749338559806,0.774096526201812,"0",1,1,1,1,1,
91,7,19,0.760914609767497,0.881903751403399,"0",1,0,1,0,1,
91,8,19,-1.49310614541173,-0.980579569792898,"0",0,0,0,0,0,
91,9,19,0.575347424484789,-0.993334486183896,"0",1,1,1,1,1,
91,10,19,-0.929145882837474,1.77585634864522,"0",0,0,0,0,0,
91,11,19,0.500637085177004,-2.04080167339877,"0",1,1,1,1,1,
91,12,19,-0.529735180549324,0.553452512339501,"0",0,0,0,0,0,
92,1,19,-0.661352701485157,0.159812168995768,"1",0,0,0,0,,0
92,2,19,0.686025915667415,0.400576810946701,"1",1,1,1,1,,1
92,3,19,-0.815541318617761,1.2005620362691,"1",0,0,0,0,,0
92,4,19,1.42788269929588,-1.26503922194279,"1",1,1,1,1,,1
92,5,19,1.8242062209174,-0.195452477480569,"1",1,1,1,1,,1
92,6,19,-0.155671945773065,-0.698446957666102,"1",0,0,0,0,,0
92,7,19,-1.80673012323678,0.0466021013508693,"1",0,0,0,0,,0
92,8,19,-0.142558419145644,0.731336967420392,"1",0,0,0,0,,0
92,9,19,-1.35608800686896,-0.0264323413723216,"1",0,0,0,0,,0
92,10,19,1.70816680695862,-0.93506249198888,"1",0,1,0,1,,1
92,11,19,-1.8290252238512,-0.00833568517779975,"1",0,1,0,1,,1
92,12,19,-1.76742939930409,-1.00163043165412,"1",0,0,,0,,0
93,1,19,-0.839208067394793,1.16600363855937,"0",0,0,0,0,0,
93,2,19,1.79862828925252,0.543417497618237,"0",1,1,1,1,1,
93,3,19,-0.487492555752397,2.36663567329332,"0",0,0,0,0,0,
93,4,19,1.96102667227387,-0.734154130455659,"0",1,1,1,1,1,
93,5,19,1.77363042905927,0.914742290629505,"0",0,1,0,1,0,
93,6,19,-0.417787659913301,-0.0972760477171254,"0",1,0,1,0,1,
93,7,19,-1.33605866227299,0.150892045101426,"0",0,0,0,0,0,
93,8,19,1.94458865839988,0.762054587132946,"0",1,1,1,1,1,
93,9,19,0.362053764984012,0.0762736215002761,"0",1,1,1,1,1,
93,10,19,0.0275372713804245,-0.249122952513716,"0",1,0,1,0,1,
93,11,19,-1.65149247273803,-0.890709441133905,"0",1,1,1,1,1,
93,12,19,0.36536665353924,0.448764638667555,"0",1,0,1,0,1,
94,1,19,-1.94417587481439,0.0784276861008054,"1",0,0,0,0,,0
94,2,19,0.876622422598302,-0.394073205935202,"1",1,1,1,1,,1
94,3,19,-1.03270116914064,1.29114032102712,"1",1,0,1,0,,0
94,4,19,-1.78024753183126,-0.95776878572767,"1",0,1,0,1,,1
94,5,19,0.565922657027841,0.133280067764414,"1",1,1,1,1,,1
94,6,19,1.0419336752966,-0.97590902438942,"1",1,1,1,1,,1
94,7,19,-0.911530015058815,-0.0295442267577407,"1",1,1,1,1,,1
94,8,19,1.17416618112475,0.9145117670408,"1",1,1,1,1,,1
94,9,19,1.54795876238495,-0.635083562236789,"1",1,1,1,1,,1
94,10,19,-1.06598649919033,0.78339561905376,"1",1,1,1,1,,1
94,11,19,-1.28044018149376,1.9605839537102,"1",0,1,0,1,,1
94,12,19,1.62987011671066,-0.11985703283528,"1",1,1,1,1,,1
95,1,19,-1.51298477128148,0.825818521144561,"0",0,0,0,,0,
95,2,19,1.97104689944535,0.231405583865526,"0",1,0,1,0,1,
95,3,19,1.83065905421972,-0.699417562842042,"0",0,1,0,1,0,
95,4,19,-1.105508511886,-1.020894056392,"0",1,0,1,0,1,
95,5,19,-1.06747541856021,-0.128479168361666,"0",1,0,1,0,1,
95,6,19,-0.51500441506505,0.0264522126577137,"0",0,0,0,0,0,
95,7,19,0.839907229878008,-1.392323962554,"0",0,1,0,1,0,
95,8,19,-1.90221150871366,-1.24928454867972,"0",0,0,0,0,0,
95,9,19,-0.987783823162317,0.348187343171529,"0",0,0,0,0,0,
95,10,19,-1.93052087631077,0.259261607537546,"0",1,0,1,0,1,
95,11,19,-1.41868752148002,-1.1454188150147,"0",1,0,1,0,1,
95,12,19,-1.33332001976669,-0.727737297108652,"0",0,0,0,0,0,
96,1,20,-0.496385280974209,0.93765764633423,"1",0,0,0,0,,0
96,2,20,1.62707800325006,0.0911399384618738,"1",1,1,1,1,,1
96,3,20,0.576934254728258,1.46921338654246,"1",1,0,1,0,,0
96,4,20,-1.81549520883709,1.80951353493373,"1",0,0,0,0,,0
96,5,20,-1.24289761856198,0.614891079600429,"1",0,1,0,1,,1
96,6,20,1.35999283194542,-0.0941314811397383,"1",1,1,1,1,,1
96,7,20,-1.10063248686492,-0.262541949692355,"1",0,0,0,0,,0
96,8,20,0.989992456510663,-0.574524378089809,"1",0,0,0,0,,0
96,9,20,-1.09518441651016,-0.65917184211681,"1",0,0,0,0,,0
96,10,20,-1.86727878078818,0.34414409189411,"1",0,0,0,0,,0
96,11,20,-1.53611679188907,-1.58330872747153,"1",0,1,0,1,,1
96,12,20,-1.45997943542898,-0.288692341725698,"1",0,0,,0,,0
97,1,20,1.67932513356209,0.362383160633482,"0",1,0,1,0,1,
97,2,20,1.11349685210735,-1.41336115155584,"0",1,0,1,0,1,
97,3,20,1.43790833838284,-0.234150464868142,"0",1,0,1,0,1,
97,4,20,1.99647924676538,0.320229554300115,"0",1,0,1,0,1,
97,5,20,0.0623168628662825,-1.62189726754341,"0",0,0,0,0,0,
97,6,20,0.00174837652593851,-1.59070615987216,"0",0,0,0,0,0,
97,7,20,0.110214094631374,-0.633733010810766,"0",1,1,1,1,1,
97,8,20,1.78622155450284,0.971687988707735,"0",1,0,1,0,1,
97,9,20,-0.541489985771477,-0.12376636186581,"0",1,0,1,0,1,
97,10,20,-1.22930920217186,-0.835965876194813,"0",1,1,1,1,1,
97,11,20,-1.03767541795969,-0.843946073945397,"0",0,0,0,0,0,
97,12,20,0.492790893651545,-1.34665494286824,"0",1,0,1,0,1,
98,1,20,-0.156805072911084,-1.07478682491303,"1",1,1,1,1,,1
98,2,20,-1.63545793481171,-0.727575185106333,"1",0,1,0,1,,1
98,3,20,-0.136746439151466,-1.08303773556322,"1",1,1,1,1,,1
98,4,20,1.17720193322748,0.152301052949898,"1",1,1,1,1,,1
98,5,20,1.04281965922564,-0.388422946227272,"1",0,1,0,1,,1
98,6,20,0.880278162658215,-0.342079474266592,"1",1,1,1,1,,1
98,7,20,-0.691402896307409,0.00252861420440319,"1",1,1,1,1,,1
98,8,20,-1.58175609260798,1.34074214351042,"1",0,0,0,0,,0
98,9,20,1.23597936239094,-1.23387360634921,"1",1,1,1,1,,1
98,10,20,0.874355284497142,1.69425883253588,"1",0,1,0,1,,1
98,11,20,-1.1962865870446,-0.0244140853032723,"1",0,1,0,1,,1
98,12,20,-1.08325799927115,0.246898047844854,"1",0,0,0,0,,0
99,1,20,-1.84851692896336,0.786910333099579,"0",0,0,0,0,0,
99,2,20,0.858269189484417,1.01671276988338,"0",0,0,0,0,0,
99,3,20,-1.3231262313202,2.31218614609597,"0",0,0,0,0,0,
99,4,20,-1.6438567340374,2.35114162236409,"0",0,0,0,0,0,
99,5,20,0.722248258069158,-0.14836138792652,"0",0,0,0,0,0,
99,6,20,-1.79379920940846,-0.123018055620122,"0",0,0,0,0,0,
99,7,20,1.38760701939464,1.05430854568569,"0",1,1,1,1,1,
99,8,20,-1.26366841141135,1.02980916869227,"0",0,0,0,0,0,
99,9,20,-1.99024323746562,-0.117921154588872,"0",0,0,0,0,0,
99,10,20,-1.12214904744178,1.32107780419096,"0",0,1,0,1,0,
99,11,20,0.41170646622777,-1.30938065021726,"0",0,0,0,0,0,
99,12,20,0.322386940009892,-0.859624251372599,"0",1,1,1,1,1,
100,1,20,0.220685986801982,0.525951368854097,"1",1,0,1,,,0
100,2,20,-1.81320412643254,0.765301698144058,"1",1,0,1,0,,0
100,3,20,-1.82039852347225,-0.15348151463785,"1",1,0,1,0,,0
100,4,20,1.91069534607232,0.151104129900795,"1",1,1,1,1,,1
100,5,20,1.93105247523636,-1.19174184060501,"1",1,1,1,1,,1
100,6,20,1.54900065902621,1.1354612811346,"1",1,1,1,1,,1
100,7,20,1.62241178844124,0.536978517671408,"1",0,1,0,1,,1
100,8,20,0.764401894062757,-0.512179842542326,"1",1,1,1,1,,1
100,9,20,-0.489033448509872,-1.17700154837505,"1",1,0,1,0,,0
100,10,20,-0.134912950918078,-0.828415150365821,"1",1,0,1,0,,0
100,11,20,0.133516396395862,-1.4223987864081,"1",1,1,1,1,,1
100,12,20,1.55313962697983,0.219724075811368,"1",1,1,,1,,1
