"id","strata","psu","unit","x","z","y","y2","w","pop"
1,1,1,1,1.58416111662757,1.19491797477972,3.33746896649713,4.60776848800927,1.25,12
2,1,1,2,1.92097910845775,0.938389693268887,2.9520616538865,3.63601456766729,1.5,12
3,1,1,3,1.7800051857396,0.563073100161393,4.48785573273702,3.07793949242202,1.75,12
4,1,1,4,1.22936869691287,0.137301524833472,4.40903783782078,2.6453778666916,2,12
5,1,1,5,0.535179178320075,-0.261405440375435,2.54428675596157,2.47407204798536,2.25,12
6,1,1,6,0.0329219359208568,-0.56045581611094,2.78483302335487,3.21593266362986,2.5,12
7,1,1,7,-0.0346740346377316,-0.70540194884399,4.14678812359075,3.18271666521124,2.75,12
8,1,1,8,0.365058793677066,-0.669853713512831,3.40506375545738,1.56413380156788,3,12
9,1,1,9,1.03893903938726,-0.460283324024967,2.84033189633579,1.42749005717377,1,12
10,1,1,10,1.66129638573191,-0.11484694697514,4.5221511775801,3.79781533619394,1.25,12
11,1,2,1,1.73750152256608,0.56563404608418,4.57537046060298,4.81324057251926,1.5,12
12,1,2,2,1.52475654386652,0.980837081261326,2.71584193713362,3.0971870771156,1.75,12
13,1,2,3,0.932017257847568,1.31723847616321,2.37292503614947,2.32192379363408,2,12
14,1,2,4,0.245740482709928,1.51359013320339,3.27676416996468,3.63999288027756,2.25,12
15,1,2,5,-0.202412516555319,1.53414260058439,2.16934188289809,4.28706712611686,2.5,12
16,1,2,6,-0.19586003992481,1.37515392138547,1.0856315814808,3.64856382567646,2.75,12
17,1,2,7,0.262231256280233,1.06557092604875,2.77151617301861,3.1876685712485,3,12
18,1,2,8,0.950476729179681,0.66175892636199,4.07539191448731,2.78470993280157,1,12
19,1,2,9,1.53626368891464,0.23723936765273,3.15242068943564,2.53362678044432,1.25,12
20,1,2,10,1.73649521144595,-0.130696110528139,3.37396429890979,3.44840372844506,1.5,12
21,1,3,1,1.16059711584167,-0.158753047098569,3.49331441873534,3.42892310979831,1.75,12
22,1,3,2,0.532511392069019,-0.235050831075921,2.54487395443364,1.71339383852043,2,12
23,1,3,3,-0.138030089840751,-0.129393039094872,0.717805327627674,0.395076529487264,2.25,12
24,1,3,4,-0.526970558369198,0.138983373076575,1.39811237680784,2.07951937516676,2.5,12
25,1,3,5,-0.446344323183146,0.521215514464475,2.19759333885688,3.79690902122507,2.75,12
26,1,3,6,0.0648838712847922,0.947710952186008,0.970347747970803,2.80464758577425,3,12
27,1,3,7,0.75964958133063,1.34081830136105,0.963335638460006,1.77273064910533,1,12
28,1,3,8,1.30218904135117,1.62896509633072,2.77538460052448,2.85632217427221,1.25,12
29,1,3,9,1.43030581670545,1.75968888216771,2.53640421829635,3.9303356565125,1.5,12
30,1,3,10,1.08208411289195,1.70918897518537,0.874701027002351,3.67530224881521,1.75,12
31,1,4,1,0.0718213161310423,1.6391339894772,0.305408716022253,2.70885156960331,2,12
32,1,4,2,-0.575341682067164,1.28509113159937,1.09750622665188,1.92001943889809,2.25,12
33,1,4,3,-0.900636268354122,0.863994625597888,-0.244059206319436,1.04156967100788,2.5,12
34,1,4,4,-0.746855295568182,0.452512880949483,-0.567809500608434,1.69993418933724,2.75,12
35,1,4,5,-0.188317455254047,0.125563761947235,1.47212384004087,2.97763490618785,3,12
36,1,4,6,0.505049180744647,-0.057325595523204,2.02576532646648,2.03248653427357,1,12
37,1,4,7,0.998156986080904,-0.0628568003623058,0.856903861260378,0.289361393947135,1.25,12
38,1,4,8,1.05269867072294,0.109977205601773,1.43091793702629,1.26935766937077,1.5,12
39,1,4,9,0.642315533956324,0.42970879404178,2.29257351854359,3.32506836148474,1.75,12
40,1,4,10,-0.0346640016321194,0.838124914039927,0.545017523992724,2.84971583692042,2,12
41,1,5,1,-1.01733367738639,1.33677573725259,-0.789859884460401,1.50065820284602,2.25,12
42,1,5,2,-1.27527449973717,1.69687368986646,0.327263680506435,1.80979933677906,2.5,12
43,1,5,3,-1.05009166713666,1.92876615982775,0.65891660726372,2.93145192095771,2.75,12
44,1,5,4,-0.450610694042316,1.99023283281851,-0.493341022958597,3.27354605811028,3,12
45,1,5,5,0.233453504110048,1.87008256384736,0.379171841713077,3.35135865470269,1,12
46,1,5,6,0.671508948233246,1.59019093223861,2.20829110443851,2.92341283471082,1.25,12
47,1,5,7,0.651853846867133,1.2015173877038,1.44614036771805,1.74587195414583,1.5,12
48,1,5,8,0.183987043654353,0.7748271397388,0.236514100149373,1.77310109172995,1.75,12
49,1,5,9,-0.505982548175784,0.387807042032667,1.22887795693148,3.12624410687507,2,12
50,1,5,10,-1.08460901303642,0.110921263496264,1.46475132108119,2.6404652962745,2.25,12
51,1,6,1,-1.60121794821863,-0.0124118295229488,0.690442584053124,0.982240866116485,2.5,12
52,1,6,2,-1.3072000101799,0.0529771058042072,0.945623861657108,1.03241614065887,2.75,12
53,1,6,3,-0.673609109099292,0.288188991861567,2.79552095289259,3.35236556745323,3,12
54,1,6,4,-0.00664467842999072,0.650399153219555,2.44813594189897,3.9890632424684,1,12
55,1,6,5,0.371365214212017,1.07366052887944,1.30789416688323,2.7745556491655,1.25,12
56,1,6,6,0.277737366196642,1.48091055479169,2.23783144515011,2.57914938752272,1.5,12
57,1,6,7,-0.242280107377153,1.79800182934867,2.52406723680946,3.33575290703161,1.75,12
58,1,6,8,-0.937375112976313,1.96720201962254,0.503891200371494,3.6130802501253,2,12
59,1,6,9,-1.47162474427814,1.95770510066039,-0.0631872220800185,3.77150338730116,2.25,12
60,1,6,10,-1.58683884396157,1.77124016225846,1.47460792401758,3.55897731777666,2.5,12
61,2,7,1,-1.47447588464133,1.35244315849144,1.82846201474201,2.49398223670824,2.75,18
62,2,7,2,-0.813997063572961,0.939929543592932,1.07584398562688,2.11503924109743,3,18
63,2,7,3,-0.171734817727012,0.51949161524133,2.6538819146827,3.79261915239837,1,18
64,2,7,4,0.141920764479837,0.167677876668096,4.0140679480057,4.34636452889771,1.25,18
65,2,7,5,-0.0246126098915487,-0.0514574722365909,2.62913084317367,2.22003316231898,1.5,18
66,2,7,6,-0.590853316505026,-0.0980167870581883,1.7881659867716,1.11484737963733,1.75,18
67,2,7,7,-1.28315067119282,0.0364769168441739,2.7891103873798,2.76590939164974,2,18
68,2,7,8,-1.76693380586793,0.327536572454096,2.18801811297579,3.82631618059148,2.25,18
69,2,7,9,-1.80840182234973,0.722169384674909,0.519578881753039,2.90767641693341,2.5,18
70,2,7,10,-1.38751421322009,1.14852514907818,1.37604582888887,2.4624250736089,2.75,18
71,2,8,1,-0.839542294604305,1.36480361377413,2.24173248389894,2.65973034683221,3,18
72,2,8,2,-0.229303082206173,1.63008490909305,1.35875297417622,3.23733795589093,1,18
73,2,8,3,0.0164229754650377,1.73189537022437,0.774871188785773,3.82942660108941,1.25,18
74,2,8,4,-0.221117688782511,1.65169851915941,2.12775254568295,4.07663408343356,1.5,18
75,2,8,5,-0.827127313979328,1.40409567632843,1.92919936161598,2.68796964701717,1.75,18
76,2,8,6,-1.5087358421969,1.0341675200824,0.0628532109100187,1.34136231588129,2,18
77,2,8,7,-1.9365380613005,0.609266315177348,0.415125708205103,2.45637334835995,2.25,18
78,2,8,8,-1.90378731994755,0.206753186914802,1.94557272106696,3.71044455545511,2.5,18
79,2,8,9,-1.42631127353894,-0.100086902950438,1.38784741458957,2.21944641385527,2.75,18
80,2,8,10,-0.734862754301955,-0.255388039317226,0.989059003230688,0.632779500395027,3,18
81,2,9,1,-0.162348871615962,-0.456199368920183,1.80532879108977,1.10332115890821,1,18
82,2,9,2,0.0126467444753148,-0.256334801085932,2.24319666381399,2.70778162348537,1.25,18
83,2,9,3,-0.293193594096714,0.082492030204639,0.348446268720669,2.27475747847559,1.5,18
84,2,9,4,-0.932064516014103,0.498591431798389,-0.048991453407738,1.47173371077227,1.75,18
85,2,9,5,-1.59521487916418,0.916204809525685,0.779317619229031,1.53514001012918,2,18
86,2,9,6,-1.96215986417136,1.25929792185224,-0.408653868092605,1.73115071785793,2.25,18
87,2,9,7,-1.85556367545199,1.46540432023334,-1.56184169723608,2.37237551627465,2.5,18
88,2,9,8,-1.32694171914348,1.49699852174132,0.0427376396357214,3.30720613430874,2.75,18
89,2,9,9,-0.631764430911071,1.34832821747837,1.24058586912491,2.60546253552645,3,18
90,2,9,10,-0.105994482319731,1.04646158683287,0.224239390446146,0.996983865655434,1,18
91,2,10,1,0.130479743182006,0.378701511608708,0.324932746757709,1.30212925417465,1.25,18
92,2,10,2,-0.240174137941343,-0.046790890342392,1.76299074390712,2.97681243611842,1.5,18
93,2,10,3,-0.904624164079003,-0.420204378393201,0.898820919468136,2.02221966187797,1.75,18
94,2,10,4,-1.54175741960303,-0.673552118651734,-0.756099569339766,-0.263463692746523,2,18
95,2,10,5,-1.84366253529567,-0.760707467905999,0.134423282990839,-0.0960974110514249,2.25,18
96,2,10,6,-1.66443593958723,-0.665802182393622,1.10989361991048,1.5623267250965,2.5,18
97,2,10,7,-1.09069358919692,-0.406115525151625,-0.0107958702061043,1.87326872924925,2.75,18
98,2,10,8,-0.399711534550942,-0.0289282565029284,-0.00457254081741354,1.46664915635649,3,18
99,2,10,9,0.0745750095329318,0.397085703085245,1.70471362855898,1.5518560102297,1,18
100,2,10,10,0.102954621543967,0.794362630734608,1.27971624435517,1.57112553975529,1.25,18
101,2,11,1,-0.079297785628043,0.802933139302716,0.532264645509784,2.3327466637873,1.5,18
102,2,11,2,-0.761753159173487,0.944142576325107,0.851764438450882,3.41349402455311,1.75,18
103,2,11,3,-1.36560692142218,0.904643378743055,1.54150783253235,3.07956227740046,2,18
104,2,11,4,-1.59903089180246,0.691627106237212,0.175589119976045,1.06507921972034,2.25,18
105,2,11,5,-1.34921680971122,0.343877312156817,-0.097428343583283,0.857635498463114,2.5,18
106,2,11,6,-0.736893887443846,-0.0752917198884862,2.01891017481082,2.88757424013545,2.75,18
107,2,11,7,-0.0579832494497106,-0.489562512715202,2.64524342620103,3.139735406576,3,18
108,2,11,8,0.359413718401185,-0.823509404210187,1.55673850579526,1.09523400957417,1,18
109,2,11,9,0.31357897555137,-1.01633118454215,2.2157062583256,0.465243415070065,1.25,18
110,2,11,10,-0.173336635445779,-1.03292108127333,3.15278571172167,1.69840297938112,1.5,18
111,2,12,1,-0.535941541715418,-1.15385534163227,2.80422688916435,2.64793518184319,1.75,18
112,2,12,2,-1.09963276250508,-0.841556190578078,1.45554998909626,2.22452439241648,2,18
113,2,12,3,-1.26191489630002,-0.43648021114985,2.62515967538429,2.11188690501242,2.25,18
114,2,12,4,-0.944360842359303,-0.0123789795715066,2.93498770581435,1.94649232920775,2.5,18
115,2,12,5,-0.300436932414624,0.353532028799568,1.6923461058015,2.21239621169179,2.75,18
116,2,12,6,0.358663702326256,0.594631945297841,2.41237336301214,3.76961285848276,3,18
117,2,12,7,0.714413380038816,0.667024069619568,4.03892585977783,4.43354062065251,1,18
118,2,12,8,0.594886731244176,0.557528076230613,3.08730369400983,2.58066095093672,1.25,18
119,2,12,9,0.0578481463100958,0.28607973647451,1.77432245732911,1.35365524798657,1.5,18
120,2,12,10,-0.637164382395059,-0.0978987574253526,2.7669953664091,2.82938796856367,1.75,18
121,3,13,1,-0.787778615966602,-0.780368931960443,3.46857648088517,3.60456250637455,2,24
122,3,13,2,-0.877069134610449,-1.17191685135043,2.03090400262343,1.84696940360186,2.25,24
123,3,13,3,-0.495394759786848,-1.45712588813702,2.49741263065398,0.643074715627854,2.5,24
124,3,13,4,0.172790348674447,-1.58406846062057,4.5139663077307,1.60926129445839,2.75,24
125,3,13,5,0.804568198574124,-1.52963232496033,4.25628987878006,2.54673495521034,3,24
126,3,13,6,1.09461556103115,-1.30372858675714,3.13930966706574,2.61370377324001,1,24
127,3,13,7,0.902759434969489,-0.947487200916941,4.0273289960357,2.61186204020862,1.25,24
128,3,13,8,0.321719329151695,-0.525768502429221,4.22055752564796,2.12445894563699,1.5,24
129,3,13,9,-0.367701874134064,-0.115354182423804,2.10476965088262,1.6341642227027,1.75,24
130,3,13,10,-0.832323282459123,0.20903223921054,1.4625441571388,2.81958021890897,2,24
131,3,14,1,-0.494305437556226,0.18155156667664,2.29043722511972,3.54205225405032,2.25,24
132,3,14,2,-0.0528612705317449,0.183116579464738,2.17532130761225,2.33024076961964,2.5,24
133,3,14,3,0.631968705167463,0.00666369166409264,1.34976449930906,0.697026883592367,2.75,24
134,3,14,4,1.22922242835457,-0.31568058400803,2.86468027267428,1.8409813909337,3,24
135,3,14,5,1.45026136057233,-0.725227508586822,4.17567189333372,3.43126177695137,1,24
136,3,14,6,1.18826263599242,-1.14741148756831,2.80045815484145,2.31467616605386,1.25,24
137,3,14,7,0.569844015215592,-1.50536611690079,2.05683133271134,0.527138462678875,1.5,24
138,3,14,8,-0.106127471004063,-1.73391913392088,3.21541037763941,0.572901509108707,1.75,24
139,3,14,9,-0.512970859038501,-1.79145823350065,2.79792001142916,1.22611088753509,2,24
140,3,14,10,-0.454068402787097,-1.66750735805085,1.31086226677361,1.47080921995474,2.25,24
141,3,15,1,0.334405124769183,-1.52505088541996,1.71212570248827,1.34072598559937,2.5,24
142,3,15,2,1.02807390932748,-1.1347574776895,3.22703194308595,1.20492636889129,2.75,24
143,3,15,3,1.5839956883939,-0.708104098219669,2.23538346551744,0.538938718068884,3,24
144,3,15,4,1.73350667038916,-0.322770888107904,1.47939573525526,1.42665845680674,1,24
145,3,15,5,1.40435174889699,-0.0489148871699896,2.62919895821834,3.25075544312241,1.25,24
146,3,15,6,0.755603679393078,0.0636033531092409,2.24696881376535,2.61621724487403,1.5,24
147,3,15,7,0.100786994816857,-0.0057021945736544,0.280298563651419,0.340140586783751,1.75,24
148,3,15,8,-0.243640954369465,-0.244213173065308,0.62562525699586,0.44618693142293,2,24
149,3,15,9,-0.111226321170239,-0.608504246123118,2.20571724927274,2.25863265492868,2.25,24
150,3,15,10,0.434038047299207,-1.03224948427521,1.73486950105098,2.11701686284916,2.5,24
151,3,16,1,1.32036236794544,-1.50062671149316,1.85608626270128,0.759191347725058,2.75,24
152,3,16,2,1.8286155090906,-1.81505027365455,3.73058197212775,0.488669007941167,3,24
153,3,16,3,1.90489433471712,-1.98060202836716,4.23608811783344,0.985489365625536,1,24
154,3,16,4,1.51233510017293,-1.96714021587047,2.41023610832436,1.19725374336203,1.25,24
155,3,16,5,0.840652359453733,-1.77711580818177,2.08990207257328,1.57831528986552,1.5,24
156,3,16,6,0.214454427353433,-1.44512626429591,2.97505570238216,1.4302017907716,1.75,24
157,3,16,7,-0.0636321089853094,-1.03161642269972,1.81277133244572,0.280532357512213,2,24
158,3,16,8,0.140785368343897,-0.61187340025676,0.649179031221461,0.514794780609289,2.25,24
159,3,16,9,0.728916747867893,-0.262319179721585,2.17397571475249,2.75917622328171,2.5,24
160,3,16,10,1.41653210314808,-0.0465965739230173,3.21192450492413,3.38156640701541,2.75,24
161,3,17,1,1.93653006922981,0.0169831771522932,3.09162270471992,2.07048983279271,3,24
162,3,17,2,1.93870727163151,-0.121268823784731,3.10212562731627,1.38969229373135,1,24
163,3,17,3,1.48721832417072,-0.415216190804157,4.42937013787632,2.92986325716499,1.25,24
164,3,17,4,0.800257111398302,-0.811340367522657,3.5494278524429,3.25674762137804,1.5,24
165,3,17,5,0.209815670757508,-1.23751961901381,2.00153630809958,1.74989110723219,1.75,24
166,3,17,6,0.00124032635612548,-1.61616012795036,3.08102014949303,0.918816295503531,2,24
167,3,17,7,0.27533058806573,-1.87832338458482,4.25772567476549,1.08765764500404,2.25,24
168,3,17,8,0.899625142588769,-1.97627771785614,3.31160799091145,1.39373542078419,2.5,24
169,3,17,9,1.57241725995665,-1.89218872917344,3.43186657867471,2.22663054179754,2.75,24
170,3,17,10,1.96856248999108,-1.64136637462737,5.1566302766353,2.73296051596075,3,24
171,3,18,1,1.82647789019637,-1.16696975587805,5.21597534860035,2.01329166361293,1,24
172,3,18,2,1.32120554234374,-0.741723618688754,3.26135577138336,1.33186084918591,1.25,24
173,3,18,3,0.626796208877089,-0.340544141303188,3.47660888690847,3.1098794631132,1.5,24
174,3,18,4,0.0788414270635688,-0.0364734696606078,4.0611570613073,4.37655498256606,1.75,24
175,3,18,5,-0.0578452720579374,0.115126704961333,2.6117282525996,2.75686413426131,2,24
176,3,18,6,0.282793546618116,0.0866547660708958,2.28360264904746,1.4425499350048,2.25,24
177,3,18,7,0.936135232872342,-0.116705443107535,4.34413821547238,2.7547824086378,2.5,24
178,3,18,8,1.58643526789742,-0.457928434196912,4.91148389235272,3.90911628230194,2.75,24
179,3,18,9,1.91941909067979,-0.874888248822228,3.79914277971121,3.09986822139548,3,24
180,3,18,10,1.77416352869419,-1.29166963870324,4.48703034511872,2.12447816519528,1,24
181,4,19,1,1.02488210904159,-1.45690004837258,4.79543065940938,1.50997986559036,1.25,30
182,4,19,2,0.330939903903365,-1.65952464686691,3.26693048644982,1.23188164064789,1.5,30
183,4,19,3,-0.168282337378561,-1.68716208463071,2.10759894670007,1.77278257654256,1.75,30
184,4,19,4,-0.231522363109836,-1.5347804548085,3.45107484906293,2.64868368278693,2,30
185,4,19,5,0.171782229069571,-1.23012365226866,3.85909459368761,1.86440943257411,2.25,30
186,4,19,6,0.846723909042377,-0.828660084262494,2.6242893988888,0.759654425679903,2.5,30
187,4,19,7,1.46711939407967,-0.403483620682602,3.25306732731871,2.2614707829635,2.75,30
188,4,19,8,1.73314628188475,-0.0320055027647155,4.69308453224366,4.38801970757673,3,30
189,4,19,9,1.51624009624698,0.218139805537466,3.52158596139021,3.54540274649297,1,30
190,4,19,10,0.921226444733491,0.301408722996688,2.03333873675135,1.62188663474349,1.25,30
191,4,20,1,-0.0596477621751602,0.436456892462836,1.55349882492161,1.39422435262423,1.5,30
192,4,20,2,-0.504447060785199,0.173634297912662,1.85907930599538,2.54664383884644,1.75,30
193,4,20,3,-0.493519569485849,-0.205391055124606,0.485181844513734,2.22317487072901,2,30
194,4,20,4,-0.0321462852725463,-0.631610588913073,1.07360918666715,1.46840779788729,2.25,30
195,4,20,5,0.65670204212394,-1.02742315198801,3.20969462910722,1.14148661777945,2.5,30
196,4,20,6,1.24012137758526,-1.32076374445186,3.04853437267747,0.772810679351692,2.75,30
197,4,20,7,1.43615901364795,-1.45822428445486,2.01703405279975,1.19982175319109,3,30
198,4,20,8,1.15007461708512,-1.4147775375801,2.97060369607338,2.40086781915566,1,30
199,4,20,9,0.520125981684416,-1.19833378788921,3.20323533668035,1.92139914295131,1.25,30
200,4,20,10,-0.149247679593016,-0.848300624363499,1.12259354769936,0.0764734555253718,1.5,30
201,4,21,1,-0.889218353213948,-0.155791797580177,-0.263937758676772,0.343663313479795,1.75,30
202,4,21,2,-0.80424790227493,0.2575109575134,1.17256248836853,2.73444178825637,2,30
203,4,21,3,-0.290064905509898,0.588974490666513,0.967042712926864,3.00305100427093,2.25,30
204,4,21,4,0.40483820760938,0.778249733377767,0.00674003976356119,1.34247671485846,2.5,30
205,4,21,5,0.944631267837887,0.790875625996501,1.35502821202917,1.25836839982563,2.75,30
206,4,21,6,1.06844511032174,0.624553391184261,2.49317704864582,2.47017268441555,3,30
207,4,21,7,0.716443445812502,0.309565068858095,1.00746654925505,2.54652894239118,1,30
208,4,21,8,0.0587403180306373,-0.0967398894137202,0.265003132911328,1.81354368288263,1.25,30
209,4,21,9,-0.586811973119056,-0.520386149071906,1.5238397428361,1.16118841559703,1.5,30
210,4,21,10,-0.908233338469739,-0.884241070814394,1.27898187312418,0.263746222542001,1.75,30
211,4,22,1,-1.11620600826384,-0.833408696223971,0.353806494923295,0.718665648899547,2,30
212,4,22,2,-0.555074231780924,-0.901888905793552,1.52348478828315,2.25563797730444,2.25,30
213,4,22,3,0.13796278967388,-0.788564172081221,3.14244902238675,2.76812684491898,2.5,30
214,4,22,4,0.627976724633618,-0.514067359440575,2.15947768618781,1.08583998620583,2.75,30
215,4,22,5,0.678155477133924,-0.128375690982347,1.34249570634448,0.678999649134178,3,30
216,4,22,6,0.264248847936201,0.298288529503964,2.37446342015297,2.82542916993122,1,30
217,4,22,7,-0.413711920170718,0.688243187113342,1.85109357288614,3.74301927981723,1.25,30
218,4,22,8,-1.02808449087204,0.970489822013252,-0.226655171460117,2.14624346664489,1.5,30
219,4,22,9,-1.28195719331344,1.09364021257391,0.0466244940549384,1.31507960587211,1.75,30
220,4,22,10,-1.05263938038462,1.03527255183144,1.5672952769142,2.2435419458065,2,30
221,4,23,1,-0.77878685254841,1.08659060253981,1.73456166855602,3.53062631229015,2.25,30
222,4,23,2,-0.095515529434383,0.728181470044949,1.42679849614481,3.43303657054781,2.5,30
223,4,23,3,0.339133839317242,0.305877017995654,3.29714393630638,3.19326876292749,2.75,30
224,4,23,4,0.315105537572389,-0.103434415205518,3.82049717545834,2.19087254305017,3,30
225,4,23,5,-0.155988127155445,-0.425230110616658,2.07329090131096,1.40404808283666,1,30
226,4,23,6,-0.846478776111047,-0.600921208458542,1.89571054735613,2.50783644950563,1.25,30
227,4,23,7,-1.42266867917501,-0.598519893969517,2.94437572394485,3.45491402651954,1.5,30
228,4,23,8,-1.60609894184812,-0.418463370878189,1.93341674593371,1.91978961087455,1.75,30
229,4,23,9,-1.30812207501259,-0.0935342603760786,0.879861967867691,0.715229297406586,2,30
230,4,23,10,-0.672743220869166,0.317108081570063,2.41899176154279,2.5509052718954,2.25,30
231,4,24,1,-0.252301726586654,0.987771277872737,3.23754268517622,4.63379242187785,2.5,30
232,4,24,2,0.122028709957752,1.34355165458201,1.84770435087879,3.88643211784124,2.75,30
233,4,24,3,0.0240672414037691,1.56874547036376,1.65247018640727,2.76618237747735,3,30
234,4,24,4,-0.49884368127541,1.62235202482292,2.78902638244472,3.09848582001495,1,30
235,4,24,5,-1.19399362931925,1.49461125296406,1.78692179928468,3.48056371237989,1.25,30
236,4,24,6,-1.72543314402652,1.20878072559144,0.229455879458616,3.40891714271101,1.5,30
237,4,24,7,-1.83633013068047,0.816901178263861,1.38960372689181,3.37525094436365,1.75,30
238,4,24,8,-1.47309070965436,0.39032153259873,2.68644856650284,2.52813802308436,2,30
239,4,24,9,-0.811259865474284,0.0067085050902268,1.87705497134548,1.41700421133301,2.25,30
240,4,24,10,-0.170684725338841,-0.264094055513303,2.12625975679377,2.33703370167389,2.5,30
